Attendance,Assignment_Score,Domain,Placement_Status,Project_Count,Certifications,Hackathon_Participation,Soft_Skills_Score,Interview_Score,Domain_enc,Placement_Status_enc
96,74,DevOps,Job,6,3,1,65,72,2,1
68,50,MERN,Intern,3,2,1,88,56,3,0
76,74,Cybersecurity,Intern,4,4,1,53,52,0,0
58,51,DevOps,Job,6,0,1,74,81,2,1
86,81,Cybersecurity,Job,2,4,1,81,80,0,1
86,62,DevOps,Intern,7,0,1,89,67,2,0
92,82,Data Science,Intern,4,1,1,62,92,1,0
77,81,MERN,Intern,4,0,1,94,56,3,0
73,73,Cybersecurity,Job,6,3,1,66,90,0,1
77,76,MERN,Job,1,2,1,98,50,3,1
85,53,Cybersecurity,Intern,2,1,1,86,63,0,0
67,73,MERN,Intern,6,0,1,55,81,3,0
74,72,MERN,Job,2,4,0,68,55,3,1
84,78,MERN,Job,2,1,1,62,88,3,1
53,83,Data Science,Intern,7,1,0,75,59,1,0
63,70,DevOps,Job,4,0,1,63,56,2,1
88,79,Data Science,Intern,3,1,1,80,75,1,0
75,75,MERN,Job,7,4,0,53,83,3,1
57,69,Cybersecurity,Job,7,1,1,88,79,0,1
73,65,MERN,Job,2,4,0,57,85,3,1
65,52,DevOps,Intern,5,0,0,74,70,2,0
69,98,Data Science,Job,4,2,0,62,66,1,1
64,86,DevOps,Job,1,1,1,81,82,2,1
56,89,Cybersecurity,Job,7,2,1,87,59,0,1
66,93,DevOps,Job,3,4,1,87,100,2,1
71,74,Data Science,Job,5,1,0,77,96,1,1
71,72,Cybersecurity,Job,5,3,0,79,91,0,1
61,93,DevOps,Intern,1,2,1,52,100,2,0
67,50,Data Science,Job,7,1,1,77,61,1,1
95,82,Data Science,Job,3,2,1,52,65,1,1
96,64,MERN,Job,4,1,1,94,90,3,1
64,66,DevOps,Job,0,0,1,83,81,2,1
86,83,Cybersecurity,Intern,3,2,0,65,64,0,0
65,66,MERN,Intern,1,3,0,71,76,3,0
54,90,DevOps,Job,5,3,0,81,77,2,1
51,93,DevOps,Job,4,4,1,87,66,2,1
77,53,Cybersecurity,Job,3,1,0,57,95,0,1
90,62,MERN,Job,0,2,0,57,99,3,1
76,53,MERN,Job,0,4,0,55,51,3,1
80,56,Cybersecurity,Job,2,2,0,63,85,0,1
90,95,MERN,Intern,2,1,0,81,99,3,0
85,58,Data Science,Intern,6,3,1,84,56,1,0
96,72,Cybersecurity,Job,1,0,0,59,62,0,1
92,82,DevOps,Job,7,3,1,52,64,2,1
50,82,Cybersecurity,Job,3,4,1,61,74,0,1
99,69,Data Science,Job,3,0,1,98,72,1,1
78,53,Cybersecurity,Job,7,4,1,80,71,0,1
50,50,DevOps,Job,6,1,1,78,75,2,1
57,91,DevOps,Job,5,0,0,54,82,2,1
65,83,Cybersecurity,Job,5,4,0,74,60,0,1
77,76,Cybersecurity,Intern,6,1,1,90,59,0,0
71,70,Data Science,Job,5,3,1,80,74,1,1
67,73,Data Science,Job,2,1,1,70,86,1,1
71,64,DevOps,Job,3,2,0,69,97,2,1
90,84,MERN,Job,6,1,1,88,92,3,1
61,74,MERN,Job,3,1,0,71,87,3,1
68,58,MERN,Job,7,2,1,53,90,3,1
74,66,MERN,Intern,0,4,0,62,94,3,0
99,70,DevOps,Intern,2,4,1,94,73,2,0
54,62,MERN,Intern,4,1,0,91,89,3,0
83,52,MERN,Job,2,2,1,99,95,3,1
88,53,Cybersecurity,Job,6,2,0,98,82,0,1
59,53,MERN,Job,4,3,0,69,66,3,1
96,92,Cybersecurity,Job,0,4,0,62,73,0,1
56,77,DevOps,Job,6,0,0,66,86,2,1
86,56,Cybersecurity,Job,1,4,0,85,51,0,1
96,75,Data Science,Job,3,4,0,82,81,1,1
64,60,Cybersecurity,Intern,0,3,0,50,73,0,0
91,73,MERN,Intern,3,0,1,64,58,3,0
73,92,Cybersecurity,Job,5,3,1,62,53,0,1
75,59,Cybersecurity,Job,1,0,1,66,66,0,1
75,86,DevOps,Job,1,1,1,73,66,2,1
95,62,DevOps,Job,0,0,1,57,99,2,1
75,93,MERN,Intern,1,3,0,99,97,3,0
59,91,Data Science,Intern,4,4,0,76,79,1,0
66,88,Data Science,Intern,1,0,0,94,89,1,0
63,68,Cybersecurity,Job,3,0,0,72,60,0,1
51,100,Data Science,Intern,3,2,0,95,70,1,0
97,68,DevOps,Job,6,4,1,57,70,2,1
62,61,MERN,Intern,3,1,1,57,67,3,0
76,71,MERN,Job,6,3,1,75,78,3,1
58,96,DevOps,Intern,3,1,1,96,73,2,0
56,86,MERN,Job,4,4,0,62,59,3,1
97,79,Cybersecurity,Intern,7,0,0,88,94,0,0
59,95,MERN,Intern,6,0,0,86,66,3,0
58,61,Data Science,Job,2,4,1,98,67,1,1
71,78,MERN,Intern,5,0,0,77,91,3,0
72,70,MERN,Intern,0,0,1,74,97,3,0
56,60,DevOps,Job,3,0,0,65,69,2,1
97,86,DevOps,Job,1,3,0,51,86,2,1
58,97,Data Science,Intern,7,3,1,67,94,1,0
76,67,DevOps,Job,3,2,0,66,67,2,1
73,93,Data Science,Job,1,1,0,79,66,1,1
78,76,Cybersecurity,Job,5,4,1,88,58,0,1
66,86,Data Science,Job,5,4,0,62,63,1,1
69,97,MERN,Job,5,4,1,81,98,3,1
56,61,Data Science,Job,1,2,0,99,78,1,1
92,72,Cybersecurity,Job,3,3,0,78,80,0,1
89,83,MERN,Intern,5,2,0,95,53,3,0
56,87,Data Science,Intern,4,4,0,79,67,1,0
77,72,DevOps,Job,6,1,0,67,69,2,1
68,74,DevOps,Job,1,0,0,62,96,2,1
69,53,DevOps,Intern,1,3,0,92,92,2,0
93,79,Data Science,Intern,3,3,0,70,93,1,0
88,79,Data Science,Intern,1,2,1,79,58,1,0
89,62,Cybersecurity,Intern,1,3,1,70,62,0,0
56,91,MERN,Intern,5,4,0,97,64,3,0
55,98,MERN,Job,3,4,0,66,76,3,1
74,63,MERN,Job,5,2,1,89,64,3,1
90,96,MERN,Intern,6,4,0,68,77,3,0
62,57,Data Science,Job,7,1,0,64,86,1,1
88,73,Data Science,Job,6,2,1,58,68,1,1
89,67,Cybersecurity,Job,7,1,0,59,75,0,1
71,84,MERN,Job,5,0,0,93,75,3,1
98,74,Data Science,Job,6,1,1,80,74,1,1
66,66,Data Science,Intern,3,0,0,72,75,1,0
97,81,Data Science,Job,0,0,0,79,75,1,1
71,73,Data Science,Intern,5,1,1,82,95,1,0
83,56,MERN,Job,7,2,0,58,77,3,1
57,62,MERN,Intern,4,4,1,96,98,3,0
98,76,Data Science,Job,7,4,0,50,67,1,1
94,97,DevOps,Intern,4,0,0,93,81,2,0
67,54,Cybersecurity,Intern,1,0,1,84,52,0,0
73,85,MERN,Job,6,2,1,60,51,3,1
91,75,MERN,Job,4,3,0,83,82,3,1
51,91,DevOps,Job,7,1,1,65,91,2,1
51,94,MERN,Intern,1,0,1,58,68,3,0
76,80,DevOps,Job,0,4,0,81,66,2,1
63,59,DevOps,Job,3,2,0,64,93,2,1
97,95,Data Science,Job,3,1,0,61,82,1,1
88,75,MERN,Intern,3,2,1,82,61,3,0
61,71,Cybersecurity,Intern,4,1,1,94,98,0,0
81,61,DevOps,Job,0,1,1,63,52,2,1
77,81,Cybersecurity,Intern,4,0,1,57,92,0,0
77,76,Data Science,Job,6,2,0,57,98,1,1
95,82,MERN,Job,4,2,1,76,75,3,1
74,69,Data Science,Job,0,4,0,61,84,1,1
53,88,Data Science,Intern,0,4,1,50,57,1,0
75,90,Cybersecurity,Intern,6,0,0,92,85,0,0
85,89,Cybersecurity,Job,0,0,0,89,56,0,1
99,62,DevOps,Job,7,3,0,91,95,2,1
52,63,MERN,Job,0,4,1,100,95,3,1
50,93,Data Science,Intern,3,1,0,60,85,1,0
66,89,DevOps,Intern,7,2,0,88,65,2,0
56,71,DevOps,Job,7,0,1,92,73,2,1
97,67,Data Science,Intern,6,2,0,80,50,1,0
54,97,Data Science,Intern,2,2,1,66,98,1,0
68,78,DevOps,Intern,2,3,1,82,74,2,0
88,92,Data Science,Intern,0,4,0,81,59,1,0
95,65,Data Science,Job,7,0,0,78,65,1,1
83,95,Cybersecurity,Job,2,2,1,70,65,0,1
84,84,MERN,Intern,2,0,0,70,57,3,0
98,83,DevOps,Intern,0,1,1,89,78,2,0
65,52,Data Science,Job,2,3,1,72,88,1,1
89,53,DevOps,Intern,4,1,1,55,77,2,0
99,54,MERN,Intern,1,0,0,71,55,3,0
96,59,DevOps,Job,6,0,1,99,65,2,1
88,78,DevOps,Intern,1,4,0,87,69,2,0
76,81,DevOps,Job,0,2,0,86,65,2,1
90,80,Cybersecurity,Intern,3,2,0,94,56,0,0
87,51,MERN,Job,6,1,0,100,90,3,1
99,61,MERN,Job,0,3,1,57,63,3,1
99,76,DevOps,Intern,7,2,0,90,92,2,0
74,54,DevOps,Job,3,4,1,98,75,2,1
75,86,MERN,Job,1,1,1,84,75,3,1
63,76,Data Science,Job,0,1,0,100,63,1,1
63,72,Cybersecurity,Job,7,4,1,60,56,0,1
63,82,MERN,Job,6,3,1,73,82,3,1
74,53,DevOps,Job,6,4,0,98,75,2,1
85,70,Data Science,Job,5,3,1,70,94,1,1
53,73,Data Science,Job,7,4,1,100,69,1,1
96,93,Data Science,Intern,4,4,1,51,52,1,0
64,80,Cybersecurity,Intern,2,0,1,89,53,0,0
81,93,Cybersecurity,Job,3,1,0,68,75,0,1
67,97,MERN,Intern,7,4,1,88,60,3,0
63,73,MERN,Job,5,4,1,77,51,3,1
50,98,MERN,Job,2,2,1,66,63,3,1
91,59,MERN,Job,2,1,1,55,93,3,1
69,98,DevOps,Intern,0,2,0,68,79,2,0
59,98,Cybersecurity,Intern,2,1,1,87,98,0,0
59,99,Data Science,Intern,4,2,0,77,61,1,0
73,51,DevOps,Job,6,4,1,51,75,2,1
83,80,MERN,Job,5,4,0,87,93,3,1
77,74,MERN,Job,2,0,0,86,82,3,1
76,53,DevOps,Job,0,2,0,100,62,2,1
89,100,Data Science,Job,4,3,0,53,63,1,1
50,60,Cybersecurity,Job,1,0,0,71,73,0,1
82,66,Cybersecurity,Intern,6,2,1,75,83,0,0
53,93,Data Science,Job,6,2,1,98,93,1,1
56,51,Cybersecurity,Intern,5,0,1,92,75,0,0
58,55,MERN,Intern,6,4,0,85,70,3,0
65,58,MERN,Job,2,2,1,62,77,3,1
54,54,MERN,Intern,0,4,0,81,97,3,0
83,69,MERN,Job,6,0,0,66,85,3,1
72,78,Data Science,Intern,6,4,1,90,89,1,0
92,70,Cybersecurity,Job,1,1,1,85,51,0,1
99,58,Cybersecurity,Intern,1,3,0,95,91,0,0
74,77,DevOps,Job,3,2,0,68,58,2,1
100,57,Data Science,Job,4,3,1,84,72,1,1
62,80,Cybersecurity,Job,2,4,1,95,64,0,1
73,69,Cybersecurity,Job,6,2,1,89,62,0,1
60,76,DevOps,Job,7,4,1,77,72,2,1
100,57,MERN,Intern,6,1,0,50,66,3,0
66,70,Cybersecurity,Job,0,0,1,91,97,0,1
86,77,MERN,Job,3,2,1,67,51,3,1
62,72,DevOps,Job,4,1,1,97,69,2,1
76,55,Cybersecurity,Intern,7,1,0,89,69,0,0
69,52,MERN,Job,3,2,0,82,95,3,1
82,54,Data Science,Intern,5,4,0,61,52,1,0
91,58,MERN,Intern,4,1,0,57,61,3,0
81,56,MERN,Job,6,3,1,73,89,3,1
57,53,MERN,Intern,6,1,0,65,51,3,0
78,88,MERN,Job,4,4,1,99,85,3,1
89,54,Data Science,Intern,6,4,1,53,63,1,0
68,60,DevOps,Intern,2,3,1,87,65,2,0
55,64,MERN,Job,4,1,1,93,68,3,1
93,83,MERN,Intern,3,4,0,76,83,3,0
88,62,Cybersecurity,Job,4,2,0,58,93,0,1
97,97,Cybersecurity,Job,7,0,0,96,95,0,1
90,56,Data Science,Job,6,0,1,65,55,1,1
70,89,Data Science,Intern,2,0,1,61,62,1,0
71,55,Data Science,Job,2,1,1,80,85,1,1
91,88,Cybersecurity,Job,5,3,1,73,71,0,1
59,99,MERN,Intern,3,4,1,63,67,3,0
59,79,Cybersecurity,Job,1,2,0,94,61,0,1
78,71,DevOps,Intern,1,2,1,74,79,2,0
65,74,Data Science,Job,4,1,0,83,100,1,1
50,77,Data Science,Intern,5,0,1,52,89,1,0
66,69,Data Science,Job,0,1,1,73,56,1,1
79,88,DevOps,Job,4,3,0,91,81,2,1
75,52,MERN,Job,5,3,0,58,97,3,1
95,54,MERN,Intern,3,4,1,75,68,3,0
68,50,MERN,Intern,3,4,1,69,55,3,0
70,64,Data Science,Intern,3,3,1,89,69,1,0
66,75,MERN,Job,3,3,1,59,76,3,1
95,52,Cybersecurity,Intern,3,3,0,68,92,0,0
89,89,Data Science,Intern,5,1,1,52,86,1,0
70,90,DevOps,Job,5,3,0,73,97,2,1
90,96,DevOps,Job,2,2,1,54,56,2,1
89,91,MERN,Job,7,0,0,52,54,3,1
94,83,Data Science,Job,1,3,0,76,60,1,1
98,54,Cybersecurity,Job,6,0,1,65,64,0,1
68,80,Cybersecurity,Job,3,1,0,98,52,0,1
56,100,Data Science,Job,0,0,1,64,54,1,1
66,62,MERN,Job,6,1,0,84,72,3,1
50,92,DevOps,Job,5,2,1,61,86,2,1
86,50,DevOps,Job,0,1,0,90,58,2,1
55,71,Cybersecurity,Intern,0,1,1,93,64,0,0
75,64,Cybersecurity,Job,0,4,1,75,52,0,1
51,75,Cybersecurity,Intern,2,3,0,96,78,0,0
81,67,DevOps,Job,5,3,0,83,55,2,1
97,97,Cybersecurity,Intern,0,2,0,72,66,0,0
54,58,DevOps,Intern,3,2,0,80,75,2,0
86,50,DevOps,Job,4,3,1,99,70,2,1
80,92,MERN,Intern,0,4,0,69,57,3,0
61,58,MERN,Job,2,3,1,61,70,3,1
84,72,MERN,Job,6,4,0,72,60,3,1
79,92,Cybersecurity,Job,5,2,1,53,87,0,1
97,94,DevOps,Job,7,0,1,72,57,2,1
55,51,Cybersecurity,Intern,2,2,1,97,91,0,0
64,63,DevOps,Intern,0,2,1,97,73,2,0
64,87,MERN,Job,5,1,0,50,84,3,1
65,89,MERN,Job,4,1,0,74,63,3,1
69,67,Cybersecurity,Job,0,1,1,51,63,0,1
62,65,DevOps,Job,2,1,0,79,59,2,1
93,78,Cybersecurity,Intern,1,4,0,52,61,0,0
91,93,Data Science,Job,3,3,1,70,87,1,1
95,60,Cybersecurity,Job,7,0,0,74,93,0,1
80,55,MERN,Intern,6,2,0,69,95,3,0
83,52,DevOps,Job,2,4,0,98,83,2,1
78,63,DevOps,Job,5,0,1,71,90,2,1
52,51,Cybersecurity,Job,7,4,0,70,59,0,1
58,81,MERN,Job,7,4,1,82,66,3,1
60,80,Data Science,Job,7,2,0,87,66,1,1
60,60,Cybersecurity,Job,0,3,0,64,52,0,1
74,71,DevOps,Intern,3,1,0,95,80,2,0
71,52,MERN,Job,0,3,1,64,100,3,1
91,99,DevOps,Job,5,2,1,95,50,2,1
95,80,DevOps,Intern,0,2,0,74,61,2,0
58,82,DevOps,Intern,1,2,1,70,88,2,0
69,73,DevOps,Job,3,0,0,73,53,2,1
70,50,Data Science,Job,3,3,1,54,91,1,1
59,93,MERN,Intern,5,3,1,55,62,3,0
71,64,Cybersecurity,Job,6,4,0,98,83,0,1
78,86,MERN,Job,1,4,0,92,91,3,1
58,76,MERN,Job,2,4,0,97,70,3,1
54,87,MERN,Job,0,2,0,93,71,3,1
89,97,Cybersecurity,Job,4,3,1,96,53,0,1
60,76,MERN,Intern,0,2,1,72,67,3,0
50,93,Cybersecurity,Job,7,0,1,53,54,0,1
91,61,Cybersecurity,Job,0,4,0,76,68,0,1
50,52,Data Science,Job,2,2,0,67,51,1,1
88,79,DevOps,Intern,0,2,1,70,61,2,0
95,81,Cybersecurity,Job,1,0,0,77,66,0,1
54,72,DevOps,Intern,1,1,1,84,59,2,0
98,51,MERN,Intern,3,3,1,71,83,3,0
71,56,DevOps,Job,5,1,1,89,55,2,1
75,83,DevOps,Job,6,4,1,72,57,2,1
55,81,DevOps,Job,4,2,1,52,100,2,1
81,88,MERN,Job,7,0,0,89,60,3,1
97,81,MERN,Job,0,0,0,99,61,3,1
60,92,Cybersecurity,Intern,0,3,0,59,58,0,0
59,92,Cybersecurity,Intern,2,1,1,74,51,0,0
96,63,Data Science,Intern,5,3,1,98,57,1,0
88,52,MERN,Job,1,2,1,57,60,3,1
83,95,Data Science,Job,4,3,1,60,85,1,1
80,81,MERN,Intern,3,0,0,54,59,3,0
61,92,DevOps,Job,1,0,0,94,70,2,1
100,85,Data Science,Job,7,4,1,86,69,1,1
93,66,Data Science,Job,5,4,1,94,97,1,1
65,97,Data Science,Intern,7,2,1,87,57,1,0
87,52,MERN,Job,6,1,0,78,85,3,1
52,59,Cybersecurity,Job,3,3,0,54,78,0,1
51,96,Data Science,Intern,6,2,0,58,91,1,0
54,89,Cybersecurity,Job,2,4,1,97,61,0,1
60,67,MERN,Job,7,3,1,51,63,3,1
74,52,Data Science,Intern,2,4,0,50,97,1,0
84,88,MERN,Job,0,3,1,89,99,3,1
84,59,Cybersecurity,Intern,6,1,0,100,70,0,0
71,58,Cybersecurity,Intern,5,2,1,79,71,0,0
86,95,Data Science,Job,7,3,0,60,70,1,1
71,95,Cybersecurity,Job,4,0,1,77,93,0,1
60,60,DevOps,Job,3,0,0,93,99,2,1
81,82,DevOps,Intern,1,3,0,61,79,2,0
84,85,Data Science,Job,5,3,0,88,88,1,1
80,75,MERN,Job,5,3,0,75,69,3,1
94,76,MERN,Intern,2,0,0,62,73,3,0
57,87,MERN,Intern,6,0,0,57,72,3,0
69,71,DevOps,Job,7,3,1,77,56,2,1
91,75,Cybersecurity,Job,7,4,1,79,58,0,1
83,71,DevOps,Intern,0,4,1,58,50,2,0
53,54,Cybersecurity,Job,0,1,0,88,75,0,1
67,84,DevOps,Job,3,2,0,80,87,2,1
100,51,MERN,Intern,2,4,1,70,87,3,0
53,84,MERN,Intern,5,0,0,96,93,3,0
69,58,MERN,Job,7,4,0,83,71,3,1
58,100,Data Science,Intern,4,1,0,80,93,1,0
65,100,Data Science,Job,2,1,0,74,59,1,1
75,98,Cybersecurity,Job,3,2,0,61,55,0,1
87,67,Data Science,Job,3,4,1,50,66,1,1
74,92,DevOps,Job,2,0,1,71,100,2,1
53,61,DevOps,Job,3,0,1,89,99,2,1
90,52,Cybersecurity,Job,2,3,1,86,87,0,1
94,67,Cybersecurity,Job,1,0,1,96,73,0,1
90,87,MERN,Job,2,2,0,50,100,3,1
87,56,Data Science,Job,6,2,0,50,59,1,1
68,82,MERN,Intern,2,0,0,91,57,3,0
63,55,Data Science,Intern,3,0,0,91,70,1,0
70,67,Data Science,Intern,7,3,1,70,55,1,0
64,94,Cybersecurity,Intern,6,0,1,64,70,0,0
52,71,MERN,Job,3,3,1,66,88,3,1
86,100,MERN,Intern,0,3,0,71,73,3,0
99,88,Data Science,Intern,0,0,1,87,82,1,0
95,100,Data Science,Job,7,1,0,84,67,1,1
65,58,Cybersecurity,Job,7,1,1,94,77,0,1
63,84,DevOps,Job,6,3,1,65,81,2,1
58,72,MERN,Job,1,0,0,57,61,3,1
96,61,MERN,Job,7,1,0,96,97,3,1
56,73,Cybersecurity,Job,0,0,1,66,91,0,1
63,99,Cybersecurity,Intern,2,0,1,66,76,0,0
55,89,MERN,Job,3,0,0,75,59,3,1
70,58,MERN,Intern,0,4,1,62,95,3,0
64,62,Data Science,Job,0,0,1,66,91,1,1
57,89,DevOps,Job,1,4,0,87,81,2,1
83,91,MERN,Intern,6,3,1,66,91,3,0
89,66,Cybersecurity,Intern,6,1,0,97,75,0,0
50,56,Data Science,Job,5,1,1,63,74,1,1
81,66,Data Science,Job,1,1,0,94,60,1,1
98,99,Cybersecurity,Job,2,1,1,55,72,0,1
100,73,Cybersecurity,Intern,6,1,0,84,83,0,0
54,51,Data Science,Job,3,1,1,95,89,1,1
79,84,Cybersecurity,Intern,7,1,0,63,72,0,0
71,77,Data Science,Intern,1,3,1,96,78,1,0
69,68,Cybersecurity,Job,7,0,1,57,80,0,1
65,82,Data Science,Intern,0,2,1,64,56,1,0
56,70,MERN,Job,3,4,1,76,89,3,1
56,59,MERN,Job,3,2,1,62,82,3,1
99,95,Cybersecurity,Job,0,2,1,98,70,0,1
99,94,DevOps,Intern,1,0,1,80,51,2,0
51,58,MERN,Job,0,0,1,84,67,3,1
96,87,Data Science,Intern,7,0,1,55,96,1,0
63,55,DevOps,Job,5,1,0,54,82,2,1
80,100,Data Science,Intern,3,3,0,71,86,1,0
99,91,Data Science,Job,4,1,1,98,83,1,1
90,84,MERN,Job,4,3,0,72,69,3,1
63,67,Cybersecurity,Job,7,3,1,74,84,0,1
54,68,Cybersecurity,Job,2,2,1,83,100,0,1
60,54,Data Science,Job,6,2,0,75,99,1,1
89,74,MERN,Intern,0,3,1,96,67,3,0
54,60,Data Science,Intern,0,3,1,54,95,1,0
78,59,DevOps,Job,2,1,0,75,73,2,1
60,66,Data Science,Job,2,1,0,69,57,1,1
54,85,MERN,Intern,7,2,1,55,79,3,0
98,75,Data Science,Job,7,0,0,55,93,1,1
81,80,MERN,Intern,2,3,0,99,59,3,0
85,81,Cybersecurity,Job,3,1,1,67,72,0,1
64,70,MERN,Intern,7,2,0,53,98,3,0
68,67,DevOps,Intern,5,1,0,66,60,2,0
71,67,MERN,Job,7,3,1,63,51,3,1
83,50,DevOps,Job,0,3,0,63,75,2,1
66,63,DevOps,Job,7,4,0,62,85,2,1
61,57,Data Science,Job,3,0,1,56,82,1,1
74,51,DevOps,Job,2,4,1,93,96,2,1
66,100,MERN,Job,0,2,1,64,62,3,1
59,64,Cybersecurity,Job,7,1,0,68,89,0,1
77,83,MERN,Job,3,2,1,92,74,3,1
67,85,Cybersecurity,Intern,5,3,1,96,53,0,0
100,50,DevOps,Intern,7,4,0,93,91,2,0
67,100,Data Science,Job,3,4,1,84,68,1,1
94,70,DevOps,Intern,5,4,1,66,67,2,0
81,91,DevOps,Job,2,2,1,84,86,2,1
63,50,Cybersecurity,Job,7,3,1,68,79,0,1
65,81,MERN,Job,5,1,0,69,68,3,1
99,69,Data Science,Intern,0,1,1,85,72,1,0
67,96,Data Science,Intern,2,2,1,84,65,1,0
65,85,Data Science,Intern,0,4,0,81,50,1,0
66,88,Data Science,Job,4,0,1,97,61,1,1
56,79,MERN,Intern,1,2,0,93,73,3,0
61,56,Data Science,Job,7,2,0,89,83,1,1
83,71,Cybersecurity,Intern,5,3,0,73,57,0,0
59,99,Cybersecurity,Job,1,1,1,66,67,0,1
54,94,Data Science,Job,1,2,0,56,97,1,1
70,59,Data Science,Job,5,2,0,92,54,1,1
52,57,MERN,Intern,2,4,0,99,75,3,0
68,76,MERN,Job,7,4,1,50,79,3,1
94,59,Data Science,Intern,4,0,1,84,62,1,0
93,63,MERN,Intern,0,3,1,81,68,3,0
84,95,DevOps,Job,3,0,1,85,78,2,1
55,60,Data Science,Job,0,4,1,62,52,1,1
63,55,MERN,Job,3,1,1,55,75,3,1
53,70,Cybersecurity,Job,0,4,1,63,89,0,1
94,82,Data Science,Job,5,3,0,86,61,1,1
100,68,Data Science,Job,4,4,0,97,51,1,1
67,88,Cybersecurity,Job,7,3,0,64,60,0,1
78,73,Cybersecurity,Job,3,3,0,96,93,0,1
84,67,MERN,Job,7,3,1,53,77,3,1
87,84,Cybersecurity,Intern,7,3,0,89,67,0,0
65,92,DevOps,Job,7,3,0,65,62,2,1
69,86,Data Science,Job,6,1,0,77,86,1,1
73,68,DevOps,Job,2,0,0,65,71,2,1
84,73,MERN,Job,0,2,1,53,61,3,1
93,83,Cybersecurity,Intern,7,0,1,94,51,0,0
100,71,Data Science,Job,0,3,1,75,86,1,1
68,53,Cybersecurity,Job,7,1,0,77,56,0,1
53,59,Cybersecurity,Job,3,4,1,81,75,0,1
82,51,MERN,Job,2,1,0,94,75,3,1
51,57,MERN,Intern,2,3,1,51,73,3,0
62,82,MERN,Intern,5,1,1,80,61,3,0
94,87,MERN,Intern,6,1,1,52,65,3,0
79,92,Data Science,Job,5,3,1,57,72,1,1
83,77,DevOps,Job,5,1,1,73,89,2,1
79,59,DevOps,Job,5,2,0,64,58,2,1
100,94,Data Science,Job,5,2,1,92,81,1,1
73,50,Cybersecurity,Job,5,1,0,80,64,0,1
97,83,Data Science,Intern,4,4,0,58,86,1,0
93,52,DevOps,Job,2,3,0,88,62,2,1
82,58,DevOps,Job,5,2,0,94,54,2,1
90,54,Data Science,Intern,7,4,0,51,60,1,0
98,91,MERN,Intern,2,1,1,57,59,3,0
59,59,Cybersecurity,Intern,2,4,1,56,62,0,0
67,61,Data Science,Job,1,0,1,93,90,1,1
68,67,DevOps,Intern,4,2,1,100,95,2,0
56,70,MERN,Intern,5,1,0,88,99,3,0
68,70,Cybersecurity,Job,0,3,1,91,64,0,1
73,50,DevOps,Job,3,1,1,65,91,2,1
64,52,Cybersecurity,Intern,6,3,0,84,56,0,0
90,54,MERN,Job,7,1,0,79,89,3,1
91,74,DevOps,Job,0,4,1,59,77,2,1
72,98,MERN,Intern,4,4,1,87,81,3,0
53,57,Data Science,Intern,3,4,0,67,84,1,0
87,66,Data Science,Intern,4,0,1,99,64,1,0
53,58,Cybersecurity,Job,7,3,1,54,97,0,1
54,81,MERN,Intern,2,4,1,78,85,3,0
90,55,MERN,Intern,3,0,1,88,70,3,0
93,98,Cybersecurity,Job,2,3,0,83,55,0,1
72,89,Cybersecurity,Intern,7,1,0,92,50,0,0
89,70,Cybersecurity,Job,0,0,0,94,53,0,1
86,56,Data Science,Job,7,2,1,72,60,1,1
60,56,Cybersecurity,Job,0,0,1,54,93,0,1
60,96,Data Science,Intern,3,0,1,79,75,1,0
62,88,Cybersecurity,Job,3,3,1,55,86,0,1
63,76,MERN,Job,5,1,1,95,72,3,1
57,57,MERN,Job,4,2,0,93,78,3,1
74,58,Cybersecurity,Job,5,4,1,53,70,0,1
67,77,Cybersecurity,Intern,4,4,1,78,97,0,0
100,64,Data Science,Intern,5,0,0,72,94,1,0
93,51,DevOps,Intern,2,3,1,55,94,2,0
93,56,Data Science,Intern,3,3,0,81,98,1,0
67,96,MERN,Job,0,4,0,91,76,3,1
59,67,Cybersecurity,Intern,4,2,0,67,88,0,0
56,71,MERN,Intern,7,1,0,64,89,3,0
99,99,DevOps,Job,4,2,0,89,62,2,1
93,59,Data Science,Intern,0,1,1,81,72,1,0
63,99,MERN,Job,5,4,0,58,65,3,1
64,82,Data Science,Intern,4,1,0,86,79,1,0
65,56,Cybersecurity,Job,6,3,1,59,53,0,1
51,52,MERN,Intern,2,0,1,69,89,3,0
79,63,DevOps,Intern,3,0,0,55,65,2,0
79,93,Data Science,Intern,0,4,1,97,80,1,0
67,95,Data Science,Job,3,3,1,52,91,1,1
80,85,DevOps,Job,6,2,0,91,74,2,1
93,62,MERN,Job,4,3,0,60,93,3,1
97,65,MERN,Intern,4,0,1,92,61,3,0
62,65,Data Science,Intern,7,0,0,66,75,1,0
69,54,DevOps,Intern,6,3,0,81,86,2,0
98,74,Data Science,Intern,0,3,1,53,97,1,0
99,87,Data Science,Job,7,0,0,53,82,1,1
84,87,Cybersecurity,Job,2,2,0,66,77,0,1
72,99,MERN,Job,7,4,0,90,58,3,1
91,87,MERN,Intern,1,4,0,68,61,3,0
82,88,Cybersecurity,Job,0,3,0,54,54,0,1
87,97,MERN,Intern,1,4,1,81,77,3,0
84,90,MERN,Intern,6,0,1,71,84,3,0
100,75,MERN,Job,5,0,0,55,54,3,1
85,62,DevOps,Job,1,3,1,84,83,2,1
69,93,Cybersecurity,Job,2,3,0,71,95,0,1
52,100,Data Science,Job,7,3,0,50,83,1,1
57,75,DevOps,Job,5,2,0,69,62,2,1
89,50,Data Science,Job,7,4,0,71,88,1,1
81,57,Cybersecurity,Job,1,3,0,97,91,0,1
78,53,Cybersecurity,Job,7,1,1,60,94,0,1
56,70,Cybersecurity,Intern,6,1,1,62,97,0,0
51,71,MERN,Job,5,0,0,91,63,3,1
70,100,DevOps,Intern,6,4,1,52,60,2,0
55,86,Cybersecurity,Intern,1,3,0,58,91,0,0
77,98,Data Science,Intern,6,1,1,61,87,1,0
97,52,MERN,Intern,2,4,0,72,53,3,0
91,68,MERN,Job,1,0,1,63,82,3,1
85,50,DevOps,Intern,1,2,0,82,56,2,0
81,78,DevOps,Intern,1,4,0,67,90,2,0
94,72,DevOps,Intern,0,4,1,98,57,2,0
91,82,MERN,Job,7,2,1,90,86,3,1
95,90,Cybersecurity,Intern,0,4,0,58,100,0,0
58,72,Data Science,Intern,0,0,1,72,59,1,0
60,54,Cybersecurity,Job,2,0,0,59,92,0,1
72,56,Data Science,Job,5,2,1,68,64,1,1
99,55,Cybersecurity,Job,7,3,1,96,87,0,1
60,98,DevOps,Intern,6,1,0,54,64,2,0
98,71,Data Science,Job,4,3,1,96,54,1,1
51,98,MERN,Intern,1,4,1,72,78,3,0
52,62,Data Science,Intern,6,1,0,79,68,1,0
60,61,MERN,Job,1,2,1,74,100,3,1
99,53,Cybersecurity,Job,2,2,0,77,59,0,1
84,57,DevOps,Job,1,1,0,83,61,2,1
64,86,Data Science,Job,0,0,0,94,53,1,1
92,80,MERN,Job,7,1,0,97,80,3,1
60,86,Cybersecurity,Job,4,4,0,96,67,0,1
80,94,DevOps,Job,3,0,1,74,65,2,1
77,75,DevOps,Job,1,2,0,59,89,2,1
77,92,DevOps,Intern,6,1,0,63,85,2,0
81,57,Cybersecurity,Job,0,3,1,91,74,0,1
74,89,Cybersecurity,Intern,3,3,1,95,72,0,0
69,82,Cybersecurity,Intern,4,4,1,79,61,0,0
77,94,DevOps,Job,3,3,0,90,83,2,1
74,78,Data Science,Job,0,1,0,74,85,1,1
60,54,MERN,Intern,7,1,0,63,86,3,0
68,77,Cybersecurity,Intern,7,3,1,84,52,0,0
77,89,Data Science,Intern,5,1,0,97,58,1,0
50,66,MERN,Job,7,4,1,83,67,3,1
54,72,DevOps,Job,5,0,0,59,92,2,1
59,94,Data Science,Job,3,4,1,84,84,1,1
91,58,DevOps,Intern,2,4,0,60,83,2,0
95,51,MERN,Job,6,1,0,60,90,3,1
83,81,Cybersecurity,Job,6,0,0,70,63,0,1
85,100,DevOps,Job,3,1,1,70,53,2,1
51,98,Data Science,Intern,1,2,1,71,78,1,0
67,80,Cybersecurity,Job,1,1,0,94,90,0,1
62,56,Data Science,Intern,7,1,0,56,94,1,0
100,79,MERN,Intern,6,1,0,66,99,3,0
54,52,MERN,Intern,6,0,1,51,64,3,0
69,100,Cybersecurity,Job,5,1,0,61,77,0,1
51,100,Data Science,Job,2,0,0,91,91,1,1
60,58,Data Science,Job,0,3,0,67,65,1,1
79,59,Data Science,Job,1,2,0,60,61,1,1
81,95,Data Science,Intern,6,0,1,65,54,1,0
81,99,MERN,Intern,5,3,1,98,83,3,0
99,96,Data Science,Job,4,0,0,100,91,1,1
87,75,MERN,Job,5,0,0,67,50,3,1
77,50,Data Science,Intern,1,2,1,84,88,1,0
59,79,Data Science,Job,1,4,1,75,81,1,1
71,87,DevOps,Job,5,4,0,65,75,2,1
66,64,DevOps,Intern,0,0,1,55,66,2,0
71,74,Data Science,Job,3,1,1,93,97,1,1
92,55,MERN,Intern,1,3,0,92,76,3,0
68,67,Data Science,Intern,5,1,1,96,73,1,0
66,50,DevOps,Job,6,1,1,96,84,2,1
73,52,Data Science,Intern,5,0,0,97,95,1,0
85,66,DevOps,Intern,2,0,0,91,91,2,0
81,97,Data Science,Job,3,0,1,61,88,1,1
95,57,Cybersecurity,Intern,4,0,0,62,75,0,0
85,98,Data Science,Intern,0,4,1,53,98,1,0
77,89,MERN,Job,7,0,0,88,87,3,1
63,66,DevOps,Job,4,4,1,51,72,2,1
85,74,Cybersecurity,Intern,3,4,0,75,71,0,0
55,90,DevOps,Intern,3,0,1,76,53,2,0
58,61,DevOps,Job,3,2,1,76,98,2,1
70,78,MERN,Job,4,3,1,64,58,3,1
61,74,Data Science,Job,6,1,0,57,53,1,1
79,100,MERN,Intern,3,4,0,56,56,3,0
80,85,Data Science,Intern,5,3,1,96,72,1,0
89,74,Cybersecurity,Intern,4,2,1,95,51,0,0
53,78,MERN,Job,7,1,0,89,98,3,1
80,60,MERN,Intern,3,1,0,61,73,3,0
76,53,DevOps,Job,5,4,0,62,89,2,1
74,63,MERN,Intern,6,0,0,92,80,3,0
54,95,Data Science,Intern,2,2,0,66,96,1,0
55,87,MERN,Job,6,4,0,66,80,3,1
54,66,MERN,Job,7,2,1,85,96,3,1
100,51,Cybersecurity,Intern,3,0,0,70,89,0,0
76,57,Data Science,Job,7,0,1,57,97,1,1
57,85,DevOps,Job,4,4,0,54,100,2,1
58,59,Data Science,Intern,1,0,0,75,92,1,0
64,56,Cybersecurity,Intern,3,3,1,65,83,0,0
85,85,Data Science,Intern,1,1,1,85,73,1,0
90,65,Data Science,Intern,5,4,0,77,98,1,0
56,63,MERN,Intern,2,2,1,78,75,3,0
81,65,MERN,Job,0,3,1,96,65,3,1
57,74,Data Science,Job,7,4,1,61,96,1,1
96,90,Data Science,Intern,6,0,1,86,62,1,0
100,53,DevOps,Job,2,0,0,79,64,2,1
64,78,Cybersecurity,Intern,3,0,1,72,76,0,0
86,55,MERN,Job,1,0,0,65,53,3,1
68,50,MERN,Job,6,2,0,63,65,3,1
88,88,MERN,Intern,1,3,0,59,79,3,0
55,50,MERN,Intern,4,1,0,56,93,3,0
68,100,Data Science,Job,1,2,1,94,79,1,1
77,89,Data Science,Job,4,2,1,86,85,1,1
66,52,DevOps,Job,5,1,0,78,52,2,1
91,50,MERN,Job,6,1,0,52,71,3,1
68,50,MERN,Intern,6,0,0,64,98,3,0
80,88,Data Science,Intern,0,2,0,85,71,1,0
60,70,DevOps,Intern,3,4,1,96,99,2,0
64,94,Data Science,Job,4,1,0,95,99,1,1
59,79,MERN,Intern,0,1,1,68,98,3,0
92,81,MERN,Job,1,3,0,62,61,3,1
72,82,Cybersecurity,Job,1,4,0,91,70,0,1
52,97,Cybersecurity,Intern,0,4,0,70,53,0,0
52,71,Cybersecurity,Intern,6,1,0,86,80,0,0
67,79,DevOps,Job,1,0,1,76,93,2,1
74,95,Data Science,Intern,7,3,1,78,80,1,0
92,53,MERN,Job,5,4,1,69,72,3,1
69,72,MERN,Intern,5,1,0,74,69,3,0
78,93,DevOps,Job,7,4,0,55,64,2,1
71,74,MERN,Job,0,3,1,85,72,3,1
99,61,MERN,Intern,7,3,1,51,77,3,0
64,66,Data Science,Job,4,2,0,71,65,1,1
88,64,Cybersecurity,Intern,4,1,0,81,86,0,0
59,59,Cybersecurity,Job,0,3,1,65,70,0,1
70,84,DevOps,Job,7,2,0,67,64,2,1
78,78,Cybersecurity,Intern,4,2,0,54,66,0,0
81,61,Cybersecurity,Intern,6,4,1,85,99,0,0
59,50,DevOps,Intern,7,4,0,79,86,2,0
62,50,DevOps,Intern,6,2,1,94,62,2,0
96,59,Cybersecurity,Intern,4,4,0,68,68,0,0
72,67,Data Science,Intern,5,3,1,72,79,1,0
99,96,DevOps,Job,4,0,0,83,94,2,1
72,51,MERN,Intern,6,3,1,62,67,3,0
80,98,DevOps,Job,2,2,1,92,63,2,1
53,57,MERN,Job,3,2,1,78,85,3,1
98,71,DevOps,Job,1,3,1,85,85,2,1
52,71,DevOps,Intern,7,4,0,71,69,2,0
70,75,Cybersecurity,Job,2,4,0,96,68,0,1
51,75,Cybersecurity,Job,4,2,1,85,94,0,1
53,58,Cybersecurity,Job,5,1,0,58,93,0,1
50,70,Data Science,Intern,0,4,0,88,56,1,0
64,80,Cybersecurity,Intern,4,3,0,100,93,0,0
82,92,Cybersecurity,Intern,5,4,0,68,53,0,0
55,55,DevOps,Intern,3,3,0,87,83,2,0
56,63,DevOps,Job,4,2,1,55,51,2,1
68,82,Data Science,Intern,6,4,1,96,54,1,0
93,56,MERN,Job,0,3,1,64,59,3,1
50,73,DevOps,Intern,5,2,1,69,81,2,0
88,58,DevOps,Job,5,1,0,58,91,2,1
68,60,MERN,Job,5,3,0,81,90,3,1
94,72,Data Science,Job,3,1,1,53,62,1,1
75,97,DevOps,Job,4,1,0,99,88,2,1
93,100,Cybersecurity,Job,3,0,0,67,54,0,1
61,51,Data Science,Job,7,4,1,54,59,1,1
71,64,MERN,Intern,1,3,0,69,59,3,0
62,84,MERN,Job,1,1,1,72,87,3,1
77,85,Cybersecurity,Intern,7,0,1,60,76,0,0
63,77,Cybersecurity,Job,4,2,0,86,100,0,1
71,88,Cybersecurity,Job,6,3,0,71,70,0,1
79,93,Data Science,Job,3,1,1,53,57,1,1
93,53,MERN,Job,0,4,1,78,50,3,1
69,59,Cybersecurity,Intern,5,0,0,93,77,0,0
93,55,Cybersecurity,Job,5,1,1,83,98,0,1
76,79,MERN,Intern,4,4,1,62,88,3,0
87,95,DevOps,Job,6,1,1,91,63,2,1
91,84,Data Science,Job,1,3,0,58,70,1,1
90,98,DevOps,Intern,1,3,1,91,79,2,0
83,92,Cybersecurity,Job,5,3,0,80,70,0,1
88,59,Data Science,Job,4,0,1,56,98,1,1
90,81,DevOps,Intern,3,3,0,53,58,2,0
93,91,MERN,Job,1,4,1,68,66,3,1
86,91,Cybersecurity,Job,3,1,0,91,54,0,1
50,52,Data Science,Job,6,2,0,79,80,1,1
64,75,Data Science,Intern,1,4,0,80,89,1,0
81,64,Data Science,Job,1,4,1,84,87,1,1
57,66,Data Science,Intern,2,3,1,70,92,1,0
82,76,Cybersecurity,Job,1,0,1,80,68,0,1
67,67,Cybersecurity,Intern,7,1,0,68,85,0,0
94,100,MERN,Job,0,0,1,80,99,3,1
78,68,MERN,Intern,7,1,0,81,82,3,0
81,61,MERN,Job,4,1,1,51,62,3,1
82,73,DevOps,Job,4,0,0,59,63,2,1
54,54,MERN,Intern,3,4,0,51,82,3,0
67,73,Cybersecurity,Job,7,1,0,51,78,0,1
97,76,DevOps,Job,7,0,1,73,92,2,1
59,97,Cybersecurity,Intern,7,1,1,66,98,0,0
85,79,DevOps,Intern,6,2,1,81,85,2,0
82,64,MERN,Job,1,4,0,65,93,3,1
72,96,MERN,Job,0,3,0,65,59,3,1
89,87,MERN,Job,3,1,1,95,80,3,1
54,93,DevOps,Job,7,2,1,88,55,2,1
83,83,Cybersecurity,Job,7,3,1,80,50,0,1
73,76,Data Science,Job,2,3,0,92,56,1,1
66,69,Cybersecurity,Job,3,1,0,73,76,0,1
80,90,MERN,Job,7,0,0,50,70,3,1
56,81,DevOps,Job,3,1,0,60,77,2,1
66,53,DevOps,Intern,1,2,0,70,65,2,0
77,54,MERN,Job,2,3,1,53,95,3,1
87,57,DevOps,Intern,3,1,0,56,72,2,0
71,71,MERN,Job,0,0,0,75,69,3,1
64,91,Cybersecurity,Job,0,1,0,96,87,0,1
86,56,DevOps,Intern,4,4,0,99,74,2,0
64,71,Data Science,Job,2,0,0,61,77,1,1
99,95,DevOps,Job,2,2,1,80,54,2,1
99,79,MERN,Job,4,3,0,66,70,3,1
74,86,Data Science,Job,3,1,0,82,67,1,1
70,65,MERN,Intern,2,0,0,60,96,3,0
87,64,DevOps,Job,0,4,1,77,55,2,1
51,54,Data Science,Job,0,0,1,81,78,1,1
76,52,Data Science,Intern,7,4,1,50,68,1,0
98,72,DevOps,Job,1,2,0,96,82,2,1
81,59,Data Science,Intern,2,3,1,77,50,1,0
70,54,Cybersecurity,Job,3,2,0,91,94,0,1
53,72,Data Science,Job,4,1,0,56,52,1,1
93,64,Data Science,Intern,4,0,1,51,91,1,0
68,67,Cybersecurity,Job,3,4,0,91,70,0,1
51,74,MERN,Job,6,4,0,73,84,3,1
75,57,MERN,Job,5,0,0,53,90,3,1
83,80,Cybersecurity,Job,1,0,1,93,89,0,1
63,70,Data Science,Job,4,1,0,68,52,1,1
64,51,DevOps,Intern,2,2,0,75,74,2,0
69,71,Cybersecurity,Job,1,4,1,60,94,0,1
83,57,DevOps,Intern,2,1,0,89,87,2,0
85,72,MERN,Intern,6,2,0,99,94,3,0
68,81,Cybersecurity,Job,0,1,1,92,69,0,1
58,57,DevOps,Intern,1,4,0,60,93,2,0
56,53,Data Science,Job,7,0,0,94,94,1,1
79,79,Cybersecurity,Job,4,0,0,52,83,0,1
62,68,DevOps,Intern,1,2,0,61,70,2,0
76,72,Cybersecurity,Intern,1,3,0,52,97,0,0
93,67,Cybersecurity,Job,1,2,1,91,72,0,1
84,78,MERN,Job,5,3,1,76,55,3,1
62,72,MERN,Job,1,1,1,98,100,3,1
64,82,Data Science,Intern,2,1,1,51,62,1,0
95,96,MERN,Job,0,4,0,98,98,3,1
58,67,MERN,Job,6,3,0,65,72,3,1
94,93,MERN,Intern,3,4,0,51,58,3,0
72,82,DevOps,Job,1,0,0,79,66,2,1
85,56,Cybersecurity,Intern,4,3,0,69,51,0,0
89,100,MERN,Intern,1,2,1,87,68,3,0
52,77,DevOps,Intern,4,0,1,77,68,2,0
83,50,Cybersecurity,Job,2,0,0,74,56,0,1
68,88,MERN,Job,4,2,0,81,91,3,1
77,83,MERN,Intern,7,0,0,59,91,3,0
72,88,Cybersecurity,Job,3,3,1,91,69,0,1
89,68,DevOps,Job,0,4,0,89,58,2,1
98,80,DevOps,Job,4,0,0,82,66,2,1
94,62,Data Science,Job,4,3,0,62,76,1,1
56,73,Cybersecurity,Intern,0,1,1,90,96,0,0
90,54,Data Science,Job,3,3,0,91,51,1,1
61,72,DevOps,Job,1,4,1,96,85,2,1
63,68,MERN,Intern,4,3,1,86,68,3,0
95,50,Data Science,Job,0,2,1,65,66,1,1
64,82,DevOps,Job,7,4,1,94,54,2,1
52,99,DevOps,Job,7,1,1,71,88,2,1
64,82,MERN,Job,2,2,1,69,67,3,1
100,81,Cybersecurity,Job,0,3,0,99,56,0,1
73,77,DevOps,Job,2,4,0,92,66,2,1
95,86,Data Science,Job,7,1,0,76,88,1,1
57,90,MERN,Job,3,2,1,90,85,3,1
54,61,Cybersecurity,Job,1,1,0,65,89,0,1
100,58,Cybersecurity,Job,0,3,1,83,94,0,1
53,99,Cybersecurity,Intern,6,1,1,81,53,0,0
63,60,DevOps,Intern,7,0,1,75,87,2,0
65,82,Cybersecurity,Job,7,2,0,74,74,0,1
69,68,DevOps,Intern,6,1,1,51,54,2,0
73,91,MERN,Intern,5,3,1,61,79,3,0
55,83,MERN,Job,7,3,0,89,61,3,1
80,56,Cybersecurity,Job,4,1,0,58,53,0,1
55,80,MERN,Job,3,3,1,61,73,3,1
84,51,Data Science,Job,0,4,1,75,78,1,1
64,68,Data Science,Job,6,4,0,58,58,1,1
78,87,DevOps,Job,4,4,0,59,53,2,1
52,81,Cybersecurity,Intern,6,0,0,81,100,0,0
60,59,DevOps,Job,0,1,1,83,73,2,1
52,90,MERN,Job,2,0,0,97,63,3,1
77,57,Cybersecurity,Intern,0,3,0,69,54,0,0
59,75,DevOps,Intern,5,0,0,88,67,2,0
99,79,Cybersecurity,Intern,0,3,1,51,91,0,0
82,60,Cybersecurity,Job,0,3,0,50,68,0,1
97,90,DevOps,Intern,5,2,0,100,61,2,0
65,69,Cybersecurity,Intern,3,4,0,85,67,0,0
59,69,MERN,Intern,7,3,0,73,66,3,0
82,58,Data Science,Job,0,2,0,76,79,1,1
85,57,Data Science,Intern,5,4,1,51,73,1,0
52,64,Cybersecurity,Job,4,3,1,80,60,0,1
54,83,Data Science,Job,2,3,1,63,84,1,1
61,73,Cybersecurity,Job,2,0,0,51,72,0,1
93,82,DevOps,Job,0,0,1,78,66,2,1
62,90,MERN,Intern,3,4,1,64,50,3,0
73,90,Data Science,Job,3,3,1,61,64,1,1
93,94,DevOps,Job,4,1,0,86,81,2,1
81,89,MERN,Job,0,0,0,77,58,3,1
65,76,Data Science,Intern,2,4,1,69,64,1,0
81,70,Data Science,Job,3,3,1,88,77,1,1
94,54,MERN,Intern,0,3,0,73,73,3,0
86,84,DevOps,Intern,6,1,0,70,84,2,0
85,70,DevOps,Job,3,4,1,59,71,2,1
70,53,Data Science,Job,5,3,0,95,76,1,1
96,98,MERN,Intern,6,0,1,63,68,3,0
61,97,DevOps,Intern,7,1,0,86,94,2,0
100,65,MERN,Job,3,4,1,67,61,3,1
70,80,MERN,Job,2,1,1,73,69,3,1
100,75,Data Science,Intern,1,0,0,63,50,1,0
70,84,MERN,Job,6,4,1,83,70,3,1
92,55,MERN,Job,7,1,1,61,98,3,1
55,82,Cybersecurity,Intern,4,2,1,71,94,0,0
58,70,MERN,Job,4,0,0,55,50,3,1
50,65,DevOps,Job,2,0,0,85,59,2,1
61,96,Data Science,Intern,3,0,0,94,96,1,0
63,88,Data Science,Job,0,2,1,85,81,1,1
55,83,MERN,Job,3,2,0,71,88,3,1
50,91,MERN,Job,2,3,1,63,71,3,1
71,64,DevOps,Job,4,1,1,65,67,2,1
83,55,Cybersecurity,Job,3,3,0,85,97,0,1
60,51,Data Science,Intern,4,1,0,74,95,1,0
52,73,Cybersecurity,Job,6,2,1,81,81,0,1
91,98,DevOps,Intern,7,2,1,82,76,2,0
55,77,Data Science,Job,0,3,0,94,77,1,1
55,50,DevOps,Intern,6,4,0,85,67,2,0
69,50,MERN,Job,4,3,0,69,88,3,1
70,77,DevOps,Job,4,1,1,67,98,2,1
51,85,MERN,Intern,1,3,1,87,78,3,0
75,69,Cybersecurity,Intern,1,0,1,52,67,0,0
80,97,Data Science,Job,6,1,1,72,93,1,1
75,57,Data Science,Job,5,1,1,81,57,1,1
81,50,Cybersecurity,Intern,6,4,0,94,80,0,0
59,75,MERN,Intern,1,2,0,65,83,3,0
72,100,Data Science,Intern,4,1,1,54,56,1,0
55,92,DevOps,Job,2,2,1,53,85,2,1
72,98,MERN,Job,6,3,0,70,67,3,1
77,74,Data Science,Intern,4,0,0,89,87,1,0
98,59,DevOps,Intern,2,4,0,100,58,2,0
79,61,DevOps,Intern,2,2,0,63,58,2,0
63,90,Data Science,Intern,1,1,1,88,95,1,0
86,56,Cybersecurity,Intern,6,2,0,80,57,0,0
81,61,Cybersecurity,Job,3,1,1,63,100,0,1
98,96,Data Science,Intern,0,2,0,55,84,1,0
83,89,DevOps,Job,1,1,0,61,67,2,1
90,66,Cybersecurity,Job,1,3,0,65,54,0,1
93,54,Cybersecurity,Job,3,1,1,66,63,0,1
100,63,Cybersecurity,Intern,0,1,1,94,77,0,0
71,83,MERN,Intern,4,0,0,72,79,3,0
80,97,Cybersecurity,Job,5,1,1,63,53,0,1
56,66,Data Science,Job,6,0,1,56,88,1,1
90,84,Data Science,Job,5,4,0,95,69,1,1
70,50,MERN,Job,4,0,0,81,74,3,1
65,99,MERN,Job,7,3,1,64,77,3,1
69,99,Data Science,Intern,1,0,1,93,61,1,0
92,85,MERN,Job,0,4,1,66,51,3,1
93,64,Cybersecurity,Intern,1,3,0,90,92,0,0
96,68,DevOps,Job,2,2,0,96,63,2,1
99,100,DevOps,Job,1,2,1,93,71,2,1
68,91,DevOps,Intern,1,0,0,83,80,2,0
97,54,Data Science,Intern,4,0,0,54,72,1,0
81,68,MERN,Job,4,4,1,94,97,3,1
64,92,DevOps,Job,4,4,1,76,69,2,1
54,88,Cybersecurity,Job,5,1,0,72,87,0,1
60,54,Cybersecurity,Job,2,4,0,89,53,0,1
64,61,Cybersecurity,Job,7,1,1,63,64,0,1
78,68,MERN,Intern,7,3,0,64,73,3,0
99,96,DevOps,Job,4,0,0,92,74,2,1
94,61,Cybersecurity,Job,0,3,1,82,50,0,1
53,85,MERN,Intern,5,4,1,80,56,3,0
98,61,Cybersecurity,Job,3,3,0,84,80,0,1
85,67,DevOps,Intern,0,3,0,66,61,2,0
97,98,DevOps,Job,6,3,0,77,91,2,1
72,100,DevOps,Intern,6,4,1,68,54,2,0
64,97,DevOps,Job,0,3,0,95,93,2,1
95,92,DevOps,Job,4,1,0,72,99,2,1
93,83,Cybersecurity,Intern,3,4,1,81,91,0,0
52,97,DevOps,Job,3,3,1,89,87,2,1
81,82,Cybersecurity,Job,5,4,0,62,61,0,1
59,98,DevOps,Job,3,2,1,69,88,2,1
89,67,Cybersecurity,Job,6,1,1,84,67,0,1
87,78,DevOps,Intern,2,3,0,54,51,2,0
71,94,Cybersecurity,Intern,4,2,1,58,59,0,0
63,54,DevOps,Job,3,2,1,78,64,2,1
66,74,MERN,Job,5,4,0,55,79,3,1
70,73,Cybersecurity,Job,6,2,1,74,93,0,1
100,78,MERN,Job,2,1,0,80,66,3,1
97,87,Cybersecurity,Job,1,1,0,71,53,0,1
64,82,Cybersecurity,Job,1,0,1,51,56,0,1
64,59,Cybersecurity,Job,2,1,1,94,90,0,1
50,86,Data Science,Intern,6,2,1,54,80,1,0
73,82,DevOps,Intern,5,1,0,76,100,2,0
61,72,MERN,Intern,2,4,1,74,88,3,0
59,60,MERN,Job,4,0,0,57,83,3,1
95,73,Cybersecurity,Intern,4,2,1,50,55,0,0
91,73,MERN,Job,1,0,1,69,99,3,1
91,56,MERN,Job,3,2,1,93,87,3,1
80,99,MERN,Intern,5,4,0,72,94,3,0
60,70,MERN,Job,1,0,1,81,100,3,1
65,69,Data Science,Job,3,3,1,60,83,1,1
58,59,Cybersecurity,Job,3,2,0,88,93,0,1
96,74,MERN,Job,7,3,0,96,64,3,1
63,96,Data Science,Job,4,0,1,73,63,1,1
68,85,Data Science,Job,6,3,1,60,55,1,1
80,97,Cybersecurity,Intern,0,3,1,78,99,0,0
58,96,DevOps,Intern,6,0,0,75,86,2,0
85,64,DevOps,Job,0,4,0,65,99,2,1
88,93,DevOps,Job,2,3,0,84,81,2,1
75,89,MERN,Job,4,3,0,69,52,3,1
57,89,Cybersecurity,Job,3,4,1,95,52,0,1
73,99,DevOps,Job,5,3,0,52,71,2,1
57,55,MERN,Job,0,3,0,50,71,3,1
68,86,Cybersecurity,Intern,6,3,0,96,59,0,0
96,51,MERN,Job,3,1,1,50,100,3,1
97,61,DevOps,Job,0,4,1,66,52,2,1
79,53,DevOps,Intern,0,3,0,51,61,2,0
71,72,Data Science,Job,7,4,0,78,78,1,1
58,62,Data Science,Job,0,2,1,69,97,1,1
93,66,Cybersecurity,Job,5,2,1,55,66,0,1
97,80,MERN,Intern,4,3,1,57,56,3,0
53,65,MERN,Job,5,4,1,78,62,3,1
86,90,DevOps,Job,1,4,1,97,51,2,1
57,75,DevOps,Intern,3,4,1,100,53,2,0
50,77,Cybersecurity,Job,4,1,1,82,59,0,1
77,50,Data Science,Job,7,2,1,52,88,1,1
55,96,DevOps,Job,4,4,0,84,73,2,1
96,61,MERN,Job,4,4,0,54,66,3,1
85,86,DevOps,Job,6,1,0,76,55,2,1
60,99,Data Science,Job,4,1,0,93,68,1,1
54,69,MERN,Job,7,4,0,61,54,3,1
99,51,Data Science,Job,5,0,0,69,81,1,1
73,85,Cybersecurity,Intern,4,4,1,94,59,0,0
96,64,Cybersecurity,Job,2,4,1,69,58,0,1
67,87,Data Science,Intern,3,1,0,58,76,1,0
69,71,MERN,Job,4,1,0,88,62,3,1
77,93,Data Science,Intern,3,4,1,53,68,1,0
62,99,DevOps,Job,2,4,1,100,70,2,1
54,81,DevOps,Job,2,4,1,68,73,2,1
79,69,Data Science,Job,3,1,0,87,87,1,1
50,85,DevOps,Intern,0,4,1,76,53,2,0
71,82,Data Science,Job,1,4,0,94,73,1,1
67,64,DevOps,Job,6,3,0,92,84,2,1
95,99,Data Science,Job,0,0,1,62,52,1,1
54,95,DevOps,Job,0,2,1,62,53,2,1
80,52,MERN,Job,5,0,0,71,86,3,1
55,78,MERN,Intern,6,3,1,77,89,3,0
76,96,DevOps,Intern,6,2,1,96,97,2,0
74,76,Data Science,Intern,0,4,0,94,84,1,0
78,54,DevOps,Intern,4,3,1,71,80,2,0
77,80,Cybersecurity,Job,5,4,0,92,93,0,1
65,71,Cybersecurity,Job,5,1,0,68,74,0,1
61,84,Data Science,Intern,2,3,1,57,89,1,0
69,56,DevOps,Job,7,1,0,57,62,2,1
67,55,DevOps,Job,6,3,0,91,53,2,1
83,75,MERN,Job,0,3,1,75,95,3,1
72,50,Data Science,Intern,2,1,1,97,63,1,0
94,68,Cybersecurity,Intern,3,2,1,100,62,0,0
76,56,Cybersecurity,Intern,1,0,0,75,76,0,0
98,85,Data Science,Job,7,4,0,72,55,1,1
66,61,Cybersecurity,Job,7,3,1,92,66,0,1
97,69,Data Science,Intern,7,4,0,62,85,1,0
70,72,Cybersecurity,Job,5,1,1,77,89,0,1
99,74,Cybersecurity,Intern,3,4,1,58,98,0,0
89,79,Data Science,Job,7,1,0,69,84,1,1
80,78,Data Science,Intern,3,4,1,68,66,1,0
52,80,Cybersecurity,Job,4,0,0,97,90,0,1
66,67,Cybersecurity,Job,7,0,0,88,51,0,1
99,90,MERN,Intern,1,0,1,100,62,3,0
75,68,DevOps,Intern,3,0,0,61,51,2,0
72,53,Data Science,Job,3,0,1,64,77,1,1
55,50,Data Science,Intern,1,0,0,80,92,1,0
77,90,DevOps,Job,7,1,0,63,75,2,1
57,64,MERN,Job,1,3,0,60,71,3,1
94,57,Cybersecurity,Intern,3,4,1,75,96,0,0
57,64,Cybersecurity,Job,1,0,0,91,92,0,1
68,64,MERN,Intern,3,1,1,76,52,3,0
87,99,MERN,Job,3,1,0,60,84,3,1
78,88,DevOps,Job,4,1,0,87,61,2,1
72,71,DevOps,Job,0,3,1,83,73,2,1
96,67,Cybersecurity,Job,3,4,1,92,54,0,1
81,65,MERN,Job,7,3,1,68,69,3,1
59,51,MERN,Intern,2,2,1,55,88,3,0
76,85,Cybersecurity,Intern,5,1,1,95,88,0,0
98,69,Cybersecurity,Intern,6,2,0,87,62,0,0
50,65,Cybersecurity,Job,0,0,0,98,90,0,1
88,52,Cybersecurity,Job,0,0,1,91,94,0,1
78,79,Cybersecurity,Job,0,3,0,77,61,0,1
94,51,DevOps,Job,4,4,0,50,62,2,1
52,84,Cybersecurity,Job,3,2,0,84,59,0,1
100,75,MERN,Job,4,4,1,89,82,3,1
96,54,Data Science,Intern,3,3,0,57,89,1,0
86,51,DevOps,Job,7,0,0,96,65,2,1
80,100,MERN,Intern,4,4,0,56,94,3,0
60,69,Data Science,Job,4,4,1,60,84,1,1
71,83,DevOps,Intern,5,0,0,88,52,2,0
67,83,Cybersecurity,Intern,2,2,0,53,54,0,0
84,69,DevOps,Job,4,0,1,74,75,2,1
55,99,Cybersecurity,Job,5,4,1,61,60,0,1
52,74,Cybersecurity,Intern,1,2,0,75,56,0,0
54,69,Cybersecurity,Intern,2,2,0,87,59,0,0
58,74,Data Science,Job,7,0,1,95,91,1,1
77,63,DevOps,Job,4,4,1,61,83,2,1
68,96,Cybersecurity,Job,6,3,1,92,52,0,1
77,93,MERN,Intern,0,4,1,100,57,3,0
76,92,DevOps,Job,1,1,1,86,80,2,1
62,92,MERN,Job,1,3,1,95,60,3,1
87,88,Data Science,Job,7,2,1,73,94,1,1
92,61,Data Science,Job,5,3,0,65,56,1,1
70,97,DevOps,Job,1,2,1,62,94,2,1
76,54,Data Science,Job,2,2,1,74,51,1,1
95,51,Data Science,Job,4,3,0,53,55,1,1
55,65,DevOps,Job,4,2,1,60,90,2,1
87,79,MERN,Job,6,2,1,81,81,3,1
98,96,Cybersecurity,Job,7,1,0,98,69,0,1
60,92,DevOps,Job,0,4,1,56,83,2,1
96,87,DevOps,Job,5,4,0,95,99,2,1
90,94,Cybersecurity,Intern,0,1,0,60,65,0,0
66,100,MERN,Job,1,3,0,77,74,3,1
88,91,Cybersecurity,Job,7,0,0,90,61,0,1
56,73,Cybersecurity,Job,6,0,1,72,56,0,1
79,100,MERN,Intern,0,0,0,94,88,3,0
70,79,MERN,Intern,2,1,0,72,66,3,0
50,86,Cybersecurity,Intern,4,1,1,99,94,0,0
74,88,Cybersecurity,Intern,1,2,0,77,60,0,0
81,60,DevOps,Intern,6,0,0,92,55,2,0
57,63,MERN,Intern,0,3,0,96,72,3,0
54,72,Data Science,Job,5,3,0,75,76,1,1
79,65,MERN,Job,2,0,1,74,95,3,1
100,99,Cybersecurity,Job,2,0,0,78,55,0,1
57,70,Cybersecurity,Job,0,0,1,68,87,0,1
98,53,Cybersecurity,Intern,4,1,1,82,51,0,0
68,82,Cybersecurity,Intern,0,1,0,85,71,0,0
93,96,Data Science,Job,1,1,0,63,69,1,1
79,63,MERN,Job,0,4,0,63,74,3,1
64,68,Data Science,Job,2,3,0,84,64,1,1
85,54,Data Science,Job,6,3,1,79,98,1,1
93,85,Cybersecurity,Job,0,2,1,77,78,0,1
76,80,Data Science,Intern,4,1,1,66,57,1,0
62,94,Cybersecurity,Job,7,4,0,52,86,0,1
63,67,Cybersecurity,Job,6,4,1,65,98,0,1
86,93,Cybersecurity,Job,5,3,0,95,82,0,1
97,80,Data Science,Job,3,1,0,79,71,1,1
79,79,Cybersecurity,Job,0,2,0,78,99,0,1
88,70,Data Science,Intern,4,1,0,94,96,1,0
96,96,MERN,Job,6,0,0,64,54,3,1
62,79,Cybersecurity,Job,4,1,1,95,88,0,1
65,90,DevOps,Intern,5,0,1,74,67,2,0
93,53,DevOps,Job,2,0,0,100,87,2,1
56,54,DevOps,Job,4,2,1,87,86,2,1
97,90,DevOps,Job,6,3,0,91,79,2,1
76,94,DevOps,Job,4,1,0,96,100,2,1
94,59,Data Science,Intern,4,0,0,87,80,1,0
84,76,MERN,Job,4,1,1,72,59,3,1
64,65,Data Science,Job,1,3,0,74,64,1,1
77,79,Cybersecurity,Intern,1,3,0,91,91,0,0
84,62,MERN,Job,2,4,1,56,97,3,1
56,85,MERN,Job,0,3,1,71,93,3,1
99,70,MERN,Job,4,2,1,66,67,3,1
95,94,MERN,Intern,5,0,0,67,72,3,0
99,89,DevOps,Intern,0,4,0,98,82,2,0
100,94,Cybersecurity,Job,5,2,1,90,65,0,1
95,64,MERN,Intern,0,1,0,59,87,3,0
69,69,MERN,Intern,2,0,1,59,84,3,0
81,69,DevOps,Intern,4,3,1,56,83,2,0
87,94,Data Science,Intern,4,0,0,97,77,1,0
89,54,Data Science,Job,3,1,0,99,51,1,1
81,81,Data Science,Job,5,4,1,87,79,1,1
75,55,Cybersecurity,Job,0,4,1,76,62,0,1
88,79,Data Science,Intern,0,4,1,82,90,1,0
69,75,MERN,Job,7,3,1,50,65,3,1
67,86,DevOps,Job,7,2,0,93,54,2,1
99,62,DevOps,Intern,1,2,1,83,77,2,0
64,78,Data Science,Intern,3,0,1,53,88,1,0
71,54,DevOps,Job,6,3,1,66,94,2,1
100,74,MERN,Intern,7,4,0,53,69,3,0
71,62,Data Science,Intern,6,4,0,92,73,1,0
70,73,MERN,Job,1,1,1,75,76,3,1
51,80,Cybersecurity,Job,1,1,0,53,79,0,1
89,69,MERN,Intern,1,4,0,50,94,3,0
92,57,MERN,Intern,5,4,0,56,76,3,0
67,58,MERN,Intern,5,3,1,79,75,3,0
72,70,MERN,Intern,2,2,1,99,56,3,0
62,100,Cybersecurity,Job,2,1,0,58,91,0,1
90,69,Data Science,Intern,1,2,1,84,96,1,0
58,64,MERN,Job,3,3,1,57,87,3,1
98,75,Data Science,Job,0,4,0,73,54,1,1
56,91,DevOps,Job,5,2,0,68,72,2,1
90,60,MERN,Intern,3,4,1,85,77,3,0
50,86,MERN,Job,4,4,0,99,83,3,1
51,90,DevOps,Job,5,0,1,92,64,2,1
53,60,Data Science,Job,5,2,1,76,81,1,1
63,76,Cybersecurity,Job,2,2,0,81,75,0,1
81,79,MERN,Intern,0,4,1,63,97,3,0
85,68,DevOps,Job,0,3,1,67,80,2,1
51,83,DevOps,Job,7,0,0,77,68,2,1
89,87,MERN,Job,6,4,0,78,58,3,1
99,72,Data Science,Intern,6,1,0,65,78,1,0
100,50,Data Science,Job,6,1,1,84,100,1,1
63,52,MERN,Job,6,0,0,96,88,3,1
69,52,DevOps,Job,4,3,0,80,53,2,1
74,77,MERN,Job,4,4,0,53,52,3,1
91,63,Cybersecurity,Intern,5,2,0,86,78,0,0
98,79,Cybersecurity,Job,1,0,1,66,60,0,1
57,54,Data Science,Intern,2,3,1,88,82,1,0
77,98,Cybersecurity,Job,2,2,0,97,87,0,1
95,64,DevOps,Job,6,1,1,95,60,2,1
70,87,Cybersecurity,Job,5,1,0,75,76,0,1
72,63,MERN,Intern,7,2,0,97,82,3,0
81,63,DevOps,Job,3,0,1,88,70,2,1
57,98,Data Science,Job,1,1,1,90,88,1,1
80,57,Data Science,Job,5,4,0,53,80,1,1
86,57,Cybersecurity,Job,1,2,0,79,87,0,1
65,68,Data Science,Job,1,2,1,79,95,1,1
89,81,MERN,Job,1,1,0,71,51,3,1
91,80,DevOps,Intern,5,0,1,60,76,2,0
76,78,MERN,Job,6,4,0,51,85,3,1
89,90,MERN,Job,2,0,0,93,60,3,1
90,60,MERN,Job,2,3,1,61,96,3,1
67,94,MERN,Job,6,3,1,79,67,3,1
84,62,DevOps,Job,1,1,1,85,50,2,1
98,76,DevOps,Intern,3,1,1,67,84,2,0
64,68,MERN,Job,0,1,1,75,84,3,1
76,75,MERN,Intern,5,3,1,56,80,3,0
66,100,Data Science,Intern,0,0,1,50,77,1,0
89,86,Data Science,Job,7,0,0,75,88,1,1
51,97,DevOps,Job,6,1,0,72,50,2,1
98,58,Data Science,Job,3,4,0,75,74,1,1
99,77,DevOps,Intern,5,0,1,94,92,2,0
80,81,DevOps,Job,6,3,1,55,87,2,1
86,52,Cybersecurity,Intern,1,2,1,55,69,0,0
90,100,DevOps,Intern,2,2,0,93,52,2,0
90,81,Data Science,Job,0,2,1,57,100,1,1
83,54,Cybersecurity,Intern,4,4,1,73,51,0,0
83,57,Data Science,Job,4,1,0,71,67,1,1
100,63,DevOps,Intern,3,3,1,68,93,2,0
52,52,DevOps,Job,1,4,0,86,59,2,1
66,73,MERN,Intern,7,3,0,67,54,3,0
63,62,DevOps,Job,0,3,1,80,58,2,1
63,92,Cybersecurity,Intern,1,1,1,86,51,0,0
95,78,DevOps,Intern,0,2,1,79,83,2,0
87,57,MERN,Job,3,1,0,91,87,3,1
84,100,DevOps,Intern,3,4,0,82,80,2,0
50,91,DevOps,Job,7,4,0,59,59,2,1
97,80,DevOps,Intern,4,4,1,86,99,2,0
78,75,MERN,Job,1,1,1,61,61,3,1
53,67,Data Science,Job,5,3,1,79,85,1,1
82,67,DevOps,Job,4,3,1,76,70,2,1
66,56,Cybersecurity,Intern,1,0,0,88,98,0,0
77,97,MERN,Job,4,4,0,58,96,3,1
99,87,Cybersecurity,Intern,5,3,0,70,55,0,0
75,97,DevOps,Job,2,0,0,61,97,2,1
57,65,MERN,Intern,2,3,1,78,98,3,0
83,82,DevOps,Job,7,4,1,82,52,2,1
67,100,Cybersecurity,Intern,2,2,1,92,59,0,0
80,52,MERN,Job,2,4,0,64,54,3,1
76,87,Data Science,Intern,6,1,0,51,95,1,0
65,53,Data Science,Job,0,3,1,88,75,1,1
59,85,Data Science,Job,6,3,1,93,70,1,1
89,53,DevOps,Intern,6,1,0,67,94,2,0
61,91,MERN,Intern,7,1,1,52,75,3,0
71,58,Cybersecurity,Intern,6,2,0,56,87,0,0
65,89,Cybersecurity,Job,2,3,0,92,93,0,1
61,100,DevOps,Job,5,3,0,67,75,2,1
60,66,DevOps,Job,7,2,1,93,57,2,1
69,66,Cybersecurity,Job,7,0,1,87,54,0,1
100,82,MERN,Intern,3,2,0,86,64,3,0
50,69,DevOps,Intern,7,4,1,82,65,2,0
76,63,MERN,Intern,3,3,0,93,50,3,0
52,71,Cybersecurity,Job,7,1,0,80,65,0,1
61,76,MERN,Job,0,4,0,60,86,3,1
79,92,Data Science,Job,2,3,0,53,52,1,1
58,52,Cybersecurity,Job,7,2,1,67,96,0,1
86,73,Data Science,Job,2,4,0,53,80,1,1
50,79,Cybersecurity,Job,2,3,0,98,62,0,1
91,57,Data Science,Job,4,0,1,83,65,1,1
98,71,MERN,Intern,7,0,0,78,92,3,0
53,74,Cybersecurity,Job,1,1,0,73,70,0,1
64,59,Cybersecurity,Job,4,3,1,71,51,0,1
100,98,Data Science,Job,1,0,1,51,76,1,1
76,78,MERN,Job,2,2,1,93,87,3,1
57,89,Cybersecurity,Job,2,3,0,55,75,0,1
72,50,DevOps,Intern,4,2,1,91,87,2,0
64,70,Data Science,Intern,4,2,1,74,95,1,0
76,88,Cybersecurity,Job,1,0,0,70,74,0,1
80,73,MERN,Job,3,3,0,65,60,3,1
88,58,MERN,Job,1,4,0,80,57,3,1
96,93,MERN,Job,4,0,0,63,57,3,1
57,75,MERN,Intern,5,0,0,88,82,3,0
79,58,Data Science,Intern,4,3,1,77,56,1,0
91,69,Cybersecurity,Intern,5,3,1,81,87,0,0
67,84,Data Science,Intern,0,2,1,77,70,1,0
53,85,Data Science,Intern,4,3,0,100,57,1,0
96,91,MERN,Job,0,2,0,98,100,3,1
92,85,DevOps,Job,3,0,0,58,70,2,1
71,58,MERN,Job,1,1,1,94,69,3,1
52,71,DevOps,Job,5,4,1,71,57,2,1
64,50,Data Science,Intern,1,0,0,81,95,1,0
84,54,MERN,Job,0,3,1,54,80,3,1
96,58,MERN,Job,5,4,0,72,99,3,1
87,86,Data Science,Intern,1,1,1,54,78,1,0
82,87,MERN,Intern,4,1,1,91,97,3,0
63,68,Cybersecurity,Intern,2,2,1,81,58,0,0
97,57,DevOps,Job,0,4,0,59,64,2,1
50,91,DevOps,Intern,1,2,1,88,79,2,0
98,92,DevOps,Intern,0,0,1,64,75,2,0
75,81,MERN,Job,6,4,0,56,59,3,1
57,62,Cybersecurity,Intern,0,0,1,78,78,0,0
99,69,MERN,Intern,5,2,0,96,65,3,0
65,85,DevOps,Intern,6,4,0,52,85,2,0
87,92,MERN,Job,7,2,0,68,69,3,1
59,93,DevOps,Job,5,4,0,59,94,2,1
91,86,Data Science,Job,2,2,0,77,86,1,1
86,79,DevOps,Job,6,1,1,78,71,2,1
75,59,Data Science,Intern,7,2,0,64,56,1,0
77,80,Data Science,Intern,4,1,0,84,72,1,0
61,74,Data Science,Job,0,2,0,55,90,1,1
69,78,DevOps,Intern,1,4,0,61,89,2,0
98,73,Cybersecurity,Job,3,4,1,96,78,0,1
63,88,DevOps,Job,0,4,0,87,65,2,1
95,70,MERN,Job,7,3,1,62,87,3,1
84,90,MERN,Intern,0,0,0,78,77,3,0
78,58,Cybersecurity,Job,2,4,1,68,97,0,1
61,91,Cybersecurity,Intern,4,1,0,52,87,0,0
67,91,Cybersecurity,Job,3,4,0,57,80,0,1
93,51,Data Science,Intern,6,3,1,57,63,1,0
51,53,Cybersecurity,Intern,6,1,0,69,82,0,0
51,57,Cybersecurity,Job,6,3,1,96,58,0,1
66,81,Cybersecurity,Job,7,1,0,53,76,0,1
59,63,DevOps,Job,5,2,1,100,73,2,1
67,98,MERN,Intern,5,0,0,70,62,3,0
71,62,MERN,Intern,1,0,0,52,75,3,0
68,70,Cybersecurity,Job,3,3,1,94,78,0,1
50,73,MERN,Job,6,0,0,57,100,3,1
73,99,DevOps,Job,5,3,0,72,98,2,1
85,67,MERN,Intern,7,3,0,65,92,3,0
74,94,Data Science,Intern,1,3,0,62,77,1,0
85,89,DevOps,Job,4,0,0,52,77,2,1
80,75,MERN,Job,1,3,0,97,57,3,1
80,81,MERN,Intern,5,0,1,58,72,3,0
51,93,DevOps,Intern,2,3,1,63,78,2,0
68,82,MERN,Intern,7,4,1,62,54,3,0
61,80,MERN,Job,2,3,0,56,91,3,1
59,67,Cybersecurity,Job,6,1,1,64,56,0,1
80,84,Data Science,Job,2,3,0,56,91,1,1
94,61,DevOps,Intern,6,2,0,87,85,2,0
71,100,Cybersecurity,Job,6,3,0,83,90,0,1
72,74,MERN,Intern,5,1,0,90,76,3,0
72,94,DevOps,Intern,2,1,1,71,95,2,0
64,80,DevOps,Job,6,0,0,73,51,2,1
75,59,Data Science,Job,3,4,1,98,74,1,1
52,96,Data Science,Intern,4,3,0,86,58,1,0
72,83,DevOps,Job,1,0,1,93,76,2,1
69,100,Data Science,Job,1,4,1,50,50,1,1
94,52,Data Science,Intern,5,3,1,59,72,1,0
89,95,MERN,Job,2,2,1,92,59,3,1
88,88,Data Science,Intern,2,3,1,65,91,1,0
57,57,Data Science,Job,6,1,1,95,74,1,1
67,81,Cybersecurity,Job,7,1,0,57,52,0,1
90,92,MERN,Intern,0,2,1,98,55,3,0
55,78,MERN,Job,6,0,0,74,55,3,1
76,71,DevOps,Job,4,4,1,99,51,2,1
85,69,Data Science,Intern,3,3,0,61,67,1,0
64,55,Cybersecurity,Job,1,1,1,74,72,0,1
86,92,Cybersecurity,Job,6,0,1,66,51,0,1
54,98,MERN,Job,0,2,0,75,61,3,1
88,78,Data Science,Job,0,1,1,95,71,1,1
58,91,Cybersecurity,Job,6,2,1,97,86,0,1
56,66,DevOps,Intern,5,3,1,63,69,2,0
90,80,Data Science,Job,1,4,0,90,88,1,1
69,83,Data Science,Job,5,1,1,85,73,1,1
59,87,Data Science,Job,3,1,0,72,97,1,1
75,86,Cybersecurity,Job,0,3,1,92,69,0,1
53,53,MERN,Job,0,0,1,55,50,3,1
87,51,MERN,Job,4,4,0,96,50,3,1
73,61,DevOps,Job,3,1,1,54,66,2,1
63,84,Cybersecurity,Intern,0,4,1,92,50,0,0
90,55,Data Science,Job,3,1,0,74,94,1,1
50,95,DevOps,Job,1,4,1,67,79,2,1
66,57,DevOps,Job,2,2,0,62,90,2,1
94,70,MERN,Job,0,1,0,92,96,3,1
73,95,Data Science,Intern,4,4,0,63,52,1,0
76,84,Data Science,Job,1,0,1,77,95,1,1
56,97,Cybersecurity,Intern,6,2,0,67,60,0,0
58,64,Cybersecurity,Job,3,2,0,77,73,0,1
92,56,Cybersecurity,Job,6,0,1,100,71,0,1
84,64,DevOps,Intern,5,4,0,76,93,2,0
61,94,Data Science,Job,1,3,1,81,94,1,1
70,55,MERN,Intern,6,0,1,96,75,3,0
52,96,DevOps,Intern,7,4,1,58,62,2,0
64,66,DevOps,Job,7,0,1,89,50,2,1
70,53,MERN,Job,0,0,0,81,73,3,1
59,71,MERN,Intern,3,1,0,69,59,3,0
82,81,Cybersecurity,Job,2,4,0,77,84,0,1
95,71,MERN,Job,1,3,0,82,73,3,1
55,76,MERN,Job,0,1,0,53,77,3,1
51,95,MERN,Job,4,0,1,95,85,3,1
78,64,MERN,Job,5,0,0,83,65,3,1
89,93,Cybersecurity,Intern,3,0,0,97,89,0,0
82,100,DevOps,Intern,1,4,0,52,65,2,0
53,71,Data Science,Job,7,4,1,75,66,1,1
53,77,Data Science,Job,1,1,1,57,100,1,1
78,91,DevOps,Job,2,3,0,55,64,2,1
86,87,Data Science,Intern,7,1,1,65,65,1,0
69,58,Data Science,Intern,2,2,0,73,64,1,0
90,83,DevOps,Job,4,0,0,97,83,2,1
72,85,Data Science,Job,5,0,1,88,60,1,1
94,58,Data Science,Job,4,0,1,79,50,1,1
67,64,DevOps,Intern,0,1,0,94,64,2,0
98,94,Data Science,Intern,0,1,0,62,75,1,0
74,69,MERN,Job,4,0,1,54,100,3,1
50,57,DevOps,Intern,5,1,0,74,53,2,0
64,77,Cybersecurity,Job,4,4,1,69,92,0,1
83,100,Data Science,Intern,5,4,0,67,54,1,0
97,68,Cybersecurity,Job,5,1,1,96,84,0,1
69,65,Data Science,Job,6,0,0,67,62,1,1
86,60,MERN,Intern,7,1,0,51,59,3,0
76,91,DevOps,Intern,3,1,1,59,60,2,0
71,57,Cybersecurity,Intern,5,1,0,94,67,0,0
100,82,DevOps,Job,2,2,0,99,83,2,1
54,59,Cybersecurity,Job,5,4,1,96,88,0,1
83,67,Data Science,Job,5,3,0,61,90,1,1
88,84,MERN,Intern,5,3,0,96,91,3,0
52,92,Cybersecurity,Intern,6,2,0,62,99,0,0
66,99,Cybersecurity,Intern,7,1,1,99,72,0,0
73,52,MERN,Job,6,2,1,96,56,3,1
73,89,MERN,Job,0,2,1,60,88,3,1
52,76,MERN,Job,6,0,0,68,52,3,1
94,77,MERN,Intern,2,4,0,84,61,3,0
56,95,MERN,Job,2,3,0,88,56,3,1
74,55,DevOps,Job,6,1,0,75,98,2,1
52,96,Data Science,Job,7,3,1,95,75,1,1
64,63,Data Science,Job,4,3,0,63,82,1,1
78,56,Cybersecurity,Job,3,4,0,94,86,0,1
99,59,MERN,Intern,7,3,0,93,97,3,0
78,64,DevOps,Job,6,3,1,73,64,2,1
59,80,DevOps,Intern,5,2,0,90,51,2,0
81,78,Cybersecurity,Job,1,4,0,50,90,0,1
72,91,MERN,Job,3,0,0,100,56,3,1
88,66,Data Science,Job,3,1,0,92,81,1,1
58,100,MERN,Job,2,3,0,71,53,3,1
86,78,DevOps,Intern,3,1,1,72,69,2,0
89,98,MERN,Intern,6,0,0,68,99,3,0
63,93,Data Science,Intern,5,1,0,67,85,1,0
53,64,Data Science,Job,5,0,0,61,81,1,1
69,75,Cybersecurity,Job,0,2,0,77,77,0,1
77,61,DevOps,Intern,5,3,0,77,62,2,0
63,74,MERN,Intern,7,0,0,82,50,3,0
93,90,MERN,Job,5,1,0,68,84,3,1
83,54,Cybersecurity,Intern,2,3,0,77,97,0,0
62,53,Cybersecurity,Job,5,2,0,98,79,0,1
80,93,Cybersecurity,Job,0,3,0,86,85,0,1
82,97,DevOps,Intern,1,0,1,75,74,2,0
88,90,MERN,Job,6,2,1,84,65,3,1
77,80,Cybersecurity,Intern,2,1,1,83,68,0,0
74,52,DevOps,Intern,7,2,1,84,50,2,0
81,52,MERN,Job,1,2,0,89,54,3,1
58,75,Data Science,Intern,2,4,1,65,100,1,0
77,99,Cybersecurity,Job,4,2,1,87,71,0,1
80,66,DevOps,Intern,3,2,0,62,73,2,0
66,59,MERN,Intern,4,3,1,72,92,3,0
72,51,MERN,Job,5,1,1,71,94,3,1
62,73,Cybersecurity,Job,1,3,0,65,86,0,1
59,60,Cybersecurity,Job,5,3,0,77,85,0,1
65,73,MERN,Job,3,0,0,97,85,3,1
55,84,DevOps,Intern,2,3,1,84,53,2,0
97,72,Data Science,Intern,3,4,1,94,85,1,0
60,81,MERN,Intern,0,4,0,95,67,3,0
52,72,DevOps,Job,3,0,0,57,99,2,1
77,83,Cybersecurity,Job,0,1,1,93,65,0,1
90,90,MERN,Job,3,1,0,71,90,3,1
64,68,Cybersecurity,Job,6,3,1,70,67,0,1
62,51,Data Science,Job,0,3,0,75,71,1,1
91,100,Cybersecurity,Intern,1,3,0,89,51,0,0
94,51,Data Science,Job,5,1,1,70,70,1,1
66,64,Cybersecurity,Job,7,2,0,74,85,0,1
56,70,Cybersecurity,Job,5,4,0,90,93,0,1
77,84,Data Science,Job,4,2,0,50,88,1,1
87,54,Cybersecurity,Intern,5,2,1,55,96,0,0
62,92,DevOps,Intern,2,1,0,72,88,2,0
66,76,Cybersecurity,Job,6,2,0,100,78,0,1
64,73,MERN,Job,3,0,0,72,75,3,1
85,56,Cybersecurity,Job,4,3,0,92,70,0,1
77,55,DevOps,Intern,2,0,0,92,66,2,0
64,95,MERN,Job,2,4,0,72,65,3,1
95,82,DevOps,Job,0,3,1,81,80,2,1
60,98,MERN,Job,5,2,1,79,100,3,1
80,66,Cybersecurity,Intern,1,4,0,62,58,0,0
53,95,DevOps,Intern,7,3,1,92,80,2,0
84,91,Cybersecurity,Intern,1,2,1,67,63,0,0
83,79,MERN,Intern,4,0,0,72,98,3,0
76,57,DevOps,Job,6,3,1,64,86,2,1
59,89,Data Science,Intern,1,2,1,82,51,1,0
79,95,DevOps,Intern,3,0,1,70,97,2,0
94,56,Cybersecurity,Intern,1,4,1,88,95,0,0
69,55,Data Science,Intern,4,4,1,72,63,1,0
78,53,Data Science,Job,7,4,1,76,82,1,1
78,50,MERN,Job,1,4,1,94,84,3,1
72,64,Data Science,Intern,3,1,1,93,88,1,0
99,80,Data Science,Job,0,3,0,67,96,1,1
70,74,MERN,Job,6,3,0,73,100,3,1
97,96,DevOps,Job,4,1,1,100,69,2,1
92,82,Cybersecurity,Intern,0,2,1,96,51,0,0
59,84,DevOps,Intern,0,2,0,89,100,2,0
90,54,Data Science,Job,0,4,1,100,90,1,1
61,54,Cybersecurity,Intern,2,0,1,91,68,0,0
79,85,DevOps,Intern,6,2,0,56,86,2,0
100,66,Cybersecurity,Intern,7,0,0,99,67,0,0
82,63,Data Science,Intern,5,3,0,97,65,1,0
67,78,DevOps,Intern,6,0,1,69,53,2,0
63,57,Cybersecurity,Intern,2,3,1,76,61,0,0
71,83,Cybersecurity,Job,5,1,0,55,78,0,1
70,89,DevOps,Intern,6,1,0,76,56,2,0
50,50,DevOps,Intern,0,4,1,58,63,2,0
98,78,Data Science,Job,4,2,0,94,61,1,1
92,85,MERN,Job,5,4,1,80,84,3,1
64,100,Cybersecurity,Intern,3,3,1,70,54,0,0
85,86,DevOps,Intern,3,4,0,75,66,2,0
96,78,DevOps,Intern,1,0,0,89,91,2,0
71,54,DevOps,Intern,5,3,1,97,81,2,0
81,81,Cybersecurity,Intern,4,1,0,94,59,0,0
95,73,Data Science,Intern,7,2,0,62,92,1,0
82,68,MERN,Job,2,3,0,98,66,3,1
90,61,Cybersecurity,Intern,0,3,0,72,54,0,0
88,50,Data Science,Job,1,0,1,69,94,1,1
72,56,Cybersecurity,Job,3,2,1,86,91,0,1
92,66,Cybersecurity,Job,2,1,1,77,58,0,1
51,83,DevOps,Job,2,3,1,66,98,2,1
51,92,Data Science,Job,0,3,0,77,82,1,1
87,56,DevOps,Job,7,0,0,90,85,2,1
100,66,DevOps,Intern,7,4,1,51,85,2,0
78,52,Data Science,Intern,5,1,1,74,67,1,0
95,78,DevOps,Job,3,2,0,99,58,2,1
52,71,DevOps,Job,7,3,1,90,78,2,1
88,87,MERN,Intern,4,3,1,55,99,3,0
56,92,Data Science,Job,7,1,0,60,63,1,1
85,78,Data Science,Job,2,4,1,87,74,1,1
78,99,DevOps,Intern,0,3,0,55,64,2,0
86,99,DevOps,Intern,4,1,0,94,55,2,0
98,91,Data Science,Job,5,0,1,60,91,1,1
85,54,Data Science,Intern,3,4,0,63,78,1,0
72,79,Cybersecurity,Job,5,2,1,51,64,0,1
94,72,Data Science,Job,2,3,0,89,78,1,1
65,70,Cybersecurity,Job,4,1,1,52,53,0,1
97,75,DevOps,Job,4,0,1,84,67,2,1
80,96,MERN,Intern,4,2,1,82,99,3,0
83,70,MERN,Job,2,1,0,73,98,3,1
99,69,Cybersecurity,Job,2,1,0,68,93,0,1
50,72,DevOps,Job,5,2,1,67,88,2,1
67,53,DevOps,Job,1,0,0,98,65,2,1
89,70,DevOps,Job,5,0,1,73,60,2,1
92,70,Data Science,Intern,3,4,1,94,63,1,0
64,50,DevOps,Intern,0,3,0,84,52,2,0
97,64,Data Science,Intern,4,2,1,50,100,1,0
98,66,Cybersecurity,Job,1,2,0,85,99,0,1
66,100,MERN,Job,0,2,1,74,91,3,1
93,63,Cybersecurity,Intern,1,0,0,94,87,0,0
59,68,DevOps,Job,7,3,1,98,94,2,1
69,99,DevOps,Job,7,4,1,92,91,2,1
55,83,Cybersecurity,Intern,6,1,0,83,67,0,0
57,55,Data Science,Job,7,1,1,74,69,1,1
94,94,Data Science,Intern,5,2,1,65,97,1,0
83,98,Data Science,Job,7,3,0,83,74,1,1
81,55,MERN,Job,2,0,1,78,87,3,1
100,54,MERN,Job,4,3,0,68,62,3,1
91,56,DevOps,Intern,5,3,1,72,53,2,0
53,82,Cybersecurity,Intern,0,0,0,68,63,0,0
93,62,Cybersecurity,Job,6,2,1,74,82,0,1
99,100,DevOps,Intern,6,3,1,65,77,2,0
88,50,Data Science,Intern,6,1,1,100,86,1,0
69,62,MERN,Intern,0,0,0,58,57,3,0
73,92,Cybersecurity,Job,0,4,0,50,93,0,1
73,76,DevOps,Job,0,2,0,91,83,2,1
75,56,Data Science,Intern,0,0,0,68,93,1,0
74,52,Data Science,Job,6,4,1,82,54,1,1
85,74,MERN,Intern,6,4,1,83,54,3,0
56,82,MERN,Intern,1,3,0,65,80,3,0
59,89,DevOps,Job,5,3,0,93,94,2,1
96,66,DevOps,Job,4,3,0,89,58,2,1
61,94,Data Science,Job,7,0,1,67,91,1,1
50,63,Data Science,Intern,7,0,0,83,81,1,0
99,86,Cybersecurity,Job,2,2,0,74,82,0,1
74,72,Data Science,Job,6,3,1,94,52,1,1
65,73,DevOps,Job,2,4,1,55,79,2,1
54,78,MERN,Job,5,1,0,70,99,3,1
68,87,DevOps,Intern,5,2,1,55,61,2,0
53,76,Cybersecurity,Job,2,0,0,81,78,0,1
55,87,Cybersecurity,Intern,6,2,1,90,52,0,0
75,89,MERN,Job,2,2,0,97,75,3,1
98,94,DevOps,Intern,7,2,0,92,79,2,0
88,99,Cybersecurity,Intern,1,2,0,88,58,0,0
88,72,DevOps,Job,7,1,0,80,75,2,1
58,80,Cybersecurity,Intern,3,3,1,91,51,0,0
94,85,MERN,Intern,6,4,1,59,52,3,0
63,66,Cybersecurity,Intern,6,2,1,79,95,0,0
97,86,DevOps,Job,4,2,1,67,53,2,1
58,52,DevOps,Job,0,2,0,73,74,2,1
64,85,Cybersecurity,Intern,3,3,0,58,100,0,0
86,54,Data Science,Job,5,0,1,80,62,1,1
99,95,MERN,Job,6,0,1,64,88,3,1
69,64,MERN,Job,2,1,1,53,93,3,1
57,98,Cybersecurity,Intern,3,0,1,89,84,0,0
81,55,Cybersecurity,Intern,4,2,1,58,72,0,0
96,59,Data Science,Job,5,2,0,94,58,1,1
70,81,MERN,Intern,0,2,0,58,51,3,0
90,72,Data Science,Intern,0,1,0,75,90,1,0
68,97,MERN,Job,4,2,1,53,93,3,1
78,66,Cybersecurity,Job,4,0,1,66,80,0,1
80,95,MERN,Job,2,3,1,65,93,3,1
55,69,MERN,Intern,6,3,1,64,96,3,0
53,93,MERN,Intern,0,4,0,84,51,3,0
92,90,Data Science,Job,5,0,0,54,81,1,1
78,64,Data Science,Intern,3,2,1,54,67,1,0
91,93,MERN,Job,5,3,0,69,62,3,1
52,95,DevOps,Intern,1,0,0,64,95,2,0
50,71,Data Science,Job,1,3,1,67,54,1,1
93,99,Cybersecurity,Job,4,2,1,96,91,0,1
64,55,Cybersecurity,Job,2,3,1,51,93,0,1
96,53,MERN,Intern,1,4,1,78,59,3,0
70,72,Cybersecurity,Job,0,4,1,62,92,0,1
95,93,Data Science,Job,5,3,1,53,74,1,1
80,94,DevOps,Job,5,0,0,91,83,2,1
56,68,DevOps,Job,4,0,0,94,86,2,1
66,94,DevOps,Job,6,0,1,59,79,2,1
68,80,Cybersecurity,Job,6,3,0,80,56,0,1
88,93,MERN,Job,3,0,1,90,55,3,1
52,52,Cybersecurity,Job,4,2,1,57,52,0,1
79,77,MERN,Intern,7,4,1,52,62,3,0
84,52,DevOps,Job,3,2,1,97,52,2,1
78,63,Data Science,Intern,7,0,0,95,75,1,0
99,67,Cybersecurity,Job,6,2,1,58,73,0,1
63,76,Data Science,Job,4,0,0,79,55,1,1
84,100,DevOps,Intern,7,3,1,60,92,2,0
77,59,MERN,Intern,4,2,1,84,98,3,0
79,98,Data Science,Intern,4,3,1,86,91,1,0
75,64,Cybersecurity,Intern,6,3,0,91,61,0,0
56,68,Data Science,Intern,3,1,1,62,98,1,0
88,58,Data Science,Job,3,0,1,85,85,1,1
80,53,Cybersecurity,Intern,4,4,1,62,51,0,0
54,64,MERN,Intern,1,0,0,61,60,3,0
84,100,Cybersecurity,Intern,2,4,0,86,88,0,0
99,97,DevOps,Job,6,0,0,59,83,2,1
96,57,MERN,Intern,2,3,1,58,75,3,0
63,98,Data Science,Job,2,2,0,56,67,1,1
85,50,Cybersecurity,Job,3,2,1,51,70,0,1
76,56,DevOps,Job,3,1,0,72,85,2,1
73,80,Cybersecurity,Intern,1,4,0,88,89,0,0
89,67,MERN,Intern,2,4,1,89,95,3,0
78,61,DevOps,Intern,2,4,0,88,93,2,0
94,97,Data Science,Intern,4,3,1,70,71,1,0
71,79,MERN,Intern,3,4,1,72,79,3,0
57,82,DevOps,Intern,2,2,0,78,99,2,0
64,96,MERN,Job,5,3,1,63,92,3,1
98,56,Data Science,Job,1,0,1,75,79,1,1
54,77,DevOps,Intern,7,4,0,100,57,2,0
53,98,Cybersecurity,Job,5,4,0,54,83,0,1
60,52,Cybersecurity,Job,5,0,1,80,96,0,1
67,92,Data Science,Job,7,4,0,74,58,1,1
91,55,DevOps,Intern,6,0,1,80,100,2,0
98,80,Data Science,Intern,6,3,1,99,69,1,0
79,87,Data Science,Job,1,2,0,69,89,1,1
64,64,MERN,Intern,5,0,0,93,74,3,0
55,56,Cybersecurity,Job,2,1,0,66,68,0,1
65,92,Data Science,Job,3,0,0,94,54,1,1
96,79,MERN,Job,1,4,1,51,60,3,1
89,76,Data Science,Intern,4,3,1,74,64,1,0
58,66,Data Science,Job,7,3,0,62,57,1,1
92,67,Data Science,Job,5,0,0,88,68,1,1
83,71,Cybersecurity,Job,1,2,1,77,72,0,1
76,75,DevOps,Intern,0,1,1,91,76,2,0
62,100,Cybersecurity,Intern,0,3,1,55,89,0,0
85,76,MERN,Job,6,4,1,52,81,3,1
76,89,DevOps,Job,7,4,0,84,75,2,1
58,73,MERN,Intern,3,2,1,67,76,3,0
54,57,Data Science,Job,2,3,1,60,68,1,1
100,70,DevOps,Intern,3,0,0,69,99,2,0
71,78,MERN,Job,3,4,1,54,91,3,1
80,92,Data Science,Intern,3,2,1,68,78,1,0
52,70,MERN,Intern,7,3,0,71,88,3,0
79,52,MERN,Job,3,3,0,68,90,3,1
70,80,Cybersecurity,Job,4,3,0,96,82,0,1
84,76,Data Science,Job,7,3,1,65,68,1,1
55,95,Cybersecurity,Job,4,3,1,73,86,0,1
77,76,DevOps,Job,7,4,0,90,68,2,1
81,58,Data Science,Job,6,2,0,53,82,1,1
91,82,Cybersecurity,Job,1,3,1,64,96,0,1
86,82,Cybersecurity,Job,0,1,0,74,65,0,1
74,75,DevOps,Intern,3,1,0,93,72,2,0
81,77,MERN,Job,6,2,0,84,56,3,1
84,93,MERN,Intern,1,0,1,63,75,3,0
71,92,MERN,Intern,0,0,1,98,81,3,0
73,80,DevOps,Job,5,0,1,68,61,2,1
88,50,Cybersecurity,Job,2,1,1,87,57,0,1
79,69,Data Science,Intern,4,0,1,85,54,1,0
99,61,DevOps,Intern,5,4,1,56,91,2,0
81,66,MERN,Intern,7,3,0,79,77,3,0
80,64,MERN,Job,0,1,1,68,54,3,1
72,83,Data Science,Job,5,2,1,98,98,1,1
89,99,DevOps,Intern,2,2,0,74,75,2,0
82,65,MERN,Job,6,3,1,65,54,3,1
74,53,DevOps,Intern,0,1,1,96,71,2,0
85,57,Cybersecurity,Intern,5,0,0,89,64,0,0
73,83,DevOps,Intern,4,0,0,100,62,2,0
80,95,Cybersecurity,Intern,4,4,0,57,77,0,0
88,74,Data Science,Job,1,4,1,67,82,1,1
95,64,Cybersecurity,Intern,5,0,0,77,92,0,0
62,77,Cybersecurity,Intern,3,2,1,65,72,0,0
59,58,Data Science,Intern,5,2,1,68,82,1,0
72,51,MERN,Intern,6,4,1,91,92,3,0
67,66,Data Science,Job,0,3,1,66,67,1,1
81,59,DevOps,Intern,0,0,0,94,99,2,0
82,58,Data Science,Job,6,4,0,62,79,1,1
85,80,DevOps,Job,5,4,1,56,75,2,1
77,51,MERN,Intern,6,0,0,76,65,3,0
65,73,DevOps,Intern,2,0,1,59,62,2,0
65,68,Data Science,Intern,7,2,1,83,88,1,0
67,66,Data Science,Job,6,3,1,85,82,1,1
57,92,MERN,Job,4,3,0,74,75,3,1
91,98,Data Science,Job,6,0,1,55,97,1,1
65,59,MERN,Job,0,1,1,73,50,3,1
60,99,MERN,Intern,4,4,0,67,98,3,0
55,77,Data Science,Intern,0,4,0,72,87,1,0
50,87,Cybersecurity,Job,1,0,0,55,51,0,1
61,97,DevOps,Intern,3,1,0,78,98,2,0
87,77,Cybersecurity,Intern,0,2,1,74,55,0,0
77,99,MERN,Intern,4,0,0,66,95,3,0
94,99,DevOps,Job,1,0,1,95,99,2,1
66,50,Cybersecurity,Job,0,4,0,73,87,0,1
50,52,Data Science,Intern,2,0,0,60,91,1,0
81,64,Cybersecurity,Job,6,0,0,75,73,0,1
57,59,DevOps,Job,3,0,0,100,67,2,1
89,70,DevOps,Intern,0,4,0,83,76,2,0
92,86,DevOps,Intern,1,2,0,77,90,2,0
95,64,DevOps,Job,2,2,1,52,57,2,1
73,72,Cybersecurity,Job,5,0,0,60,77,0,1
59,63,Data Science,Intern,1,4,0,87,59,1,0
96,64,Data Science,Intern,6,2,0,63,66,1,0
88,59,DevOps,Job,1,2,0,100,78,2,1
88,58,Data Science,Intern,2,2,1,75,55,1,0
59,93,Cybersecurity,Intern,1,4,0,97,63,0,0
85,88,Data Science,Intern,2,4,0,70,71,1,0
74,54,MERN,Intern,0,0,0,88,55,3,0
99,74,Data Science,Job,7,3,0,79,75,1,1
59,91,DevOps,Intern,2,2,1,57,88,2,0
68,75,Data Science,Job,2,3,0,100,61,1,1
95,57,Data Science,Job,3,4,1,69,84,1,1
94,71,Data Science,Job,2,4,0,97,63,1,1
64,74,Data Science,Job,2,4,1,81,71,1,1
65,97,MERN,Intern,5,3,1,71,100,3,0
51,61,Cybersecurity,Job,7,4,0,56,72,0,1
78,58,DevOps,Job,0,0,0,58,97,2,1
53,59,DevOps,Job,6,4,1,94,56,2,1
99,97,Data Science,Intern,3,1,1,50,89,1,0
78,59,Cybersecurity,Job,5,3,0,78,99,0,1
80,58,Data Science,Job,4,1,1,57,74,1,1
66,75,MERN,Intern,7,4,1,53,62,3,0
59,84,Cybersecurity,Intern,0,0,1,84,70,0,0
76,76,Cybersecurity,Intern,0,2,0,52,90,0,0
90,80,Cybersecurity,Intern,4,4,1,94,59,0,0
64,68,Cybersecurity,Intern,6,0,1,89,58,0,0
93,92,Data Science,Job,2,3,1,56,64,1,1
80,87,MERN,Intern,5,1,0,76,51,3,0
70,55,Cybersecurity,Intern,1,1,0,50,74,0,0
90,64,DevOps,Intern,3,1,1,76,62,2,0
95,78,DevOps,Intern,1,3,0,65,83,2,0
94,96,MERN,Job,4,0,1,87,100,3,1
75,94,DevOps,Job,0,3,0,56,83,2,1
87,54,Data Science,Intern,6,1,0,93,84,1,0
100,63,Data Science,Job,0,4,1,72,87,1,1
85,51,MERN,Job,3,2,0,90,52,3,1
66,72,Cybersecurity,Job,0,3,0,60,91,0,1
100,93,DevOps,Job,0,3,0,91,55,2,1
52,95,DevOps,Job,3,0,1,82,97,2,1
63,68,MERN,Intern,5,0,0,99,98,3,0
98,73,MERN,Intern,5,3,0,85,68,3,0
62,69,DevOps,Job,3,1,1,86,52,2,1
90,96,Cybersecurity,Intern,6,2,0,90,67,0,0
76,76,MERN,Job,4,0,0,66,88,3,1
50,73,Data Science,Intern,7,1,0,84,58,1,0
66,66,DevOps,Intern,0,4,0,97,61,2,0
97,74,MERN,Intern,6,0,0,54,54,3,0
99,95,MERN,Job,0,1,1,97,52,3,1
83,80,MERN,Intern,7,1,1,81,60,3,0
63,77,DevOps,Job,4,2,0,52,79,2,1
66,99,Data Science,Job,5,2,0,96,53,1,1
52,77,Data Science,Job,6,4,0,84,54,1,1
83,71,DevOps,Job,2,1,1,63,50,2,1
89,54,MERN,Intern,2,1,1,97,76,3,0
74,93,DevOps,Job,7,2,0,80,77,2,1
51,91,DevOps,Job,2,0,0,80,78,2,1
83,57,MERN,Intern,5,0,1,66,67,3,0
75,87,DevOps,Intern,7,3,0,73,61,2,0
80,77,Cybersecurity,Intern,5,2,1,72,62,0,0
58,96,Data Science,Job,4,3,1,67,90,1,1
79,61,Cybersecurity,Job,0,2,0,99,51,0,1
69,74,Cybersecurity,Job,4,4,1,63,86,0,1
70,87,Cybersecurity,Intern,4,1,0,99,94,0,0
78,93,DevOps,Intern,5,4,0,64,65,2,0
74,64,MERN,Job,7,2,0,64,97,3,1
87,93,DevOps,Intern,7,1,0,55,73,2,0
93,90,Data Science,Job,2,0,0,76,84,1,1
74,100,DevOps,Job,1,0,0,64,71,2,1
58,83,DevOps,Intern,0,3,1,99,85,2,0
88,94,DevOps,Job,5,2,1,85,60,2,1
93,62,DevOps,Job,2,2,1,57,95,2,1
75,57,Cybersecurity,Job,6,0,1,64,78,0,1
86,62,MERN,Job,1,4,0,52,84,3,1
65,85,Data Science,Job,1,1,1,96,97,1,1
86,55,Data Science,Intern,5,4,1,62,64,1,0
61,87,Data Science,Job,3,4,1,90,80,1,1
73,81,DevOps,Job,0,0,0,83,91,2,1
75,70,Data Science,Intern,1,0,1,73,90,1,0
69,93,Cybersecurity,Job,5,0,0,89,92,0,1
58,93,MERN,Job,5,3,1,81,65,3,1
72,98,DevOps,Intern,2,4,0,81,59,2,0
88,56,DevOps,Intern,6,2,0,79,98,2,0
78,75,Cybersecurity,Job,3,1,1,98,81,0,1
80,64,Data Science,Job,0,3,0,62,100,1,1
68,98,DevOps,Intern,7,2,0,50,51,2,0
69,91,DevOps,Intern,4,4,1,83,73,2,0
72,72,Cybersecurity,Job,6,0,1,64,72,0,1
92,87,Cybersecurity,Job,6,4,1,93,51,0,1
76,90,Data Science,Job,2,1,0,63,87,1,1
79,64,MERN,Intern,7,3,0,78,80,3,0
70,97,MERN,Intern,1,3,0,83,100,3,0
93,89,Data Science,Job,1,1,1,67,89,1,1
84,65,MERN,Intern,2,2,0,56,75,3,0
98,81,Cybersecurity,Job,5,2,0,78,78,0,1
56,86,Cybersecurity,Job,1,3,0,80,52,0,1
71,67,Cybersecurity,Intern,3,3,0,74,63,0,0
59,69,MERN,Job,0,0,0,87,74,3,1
72,95,MERN,Intern,6,2,0,63,97,3,0
64,51,DevOps,Intern,6,1,0,57,50,2,0
79,72,DevOps,Job,3,2,1,76,52,2,1
83,79,DevOps,Job,7,0,1,51,75,2,1
62,52,MERN,Intern,1,3,1,66,67,3,0
53,95,DevOps,Job,6,3,0,86,58,2,1
67,88,Cybersecurity,Job,4,0,0,63,87,0,1
72,96,MERN,Intern,7,1,1,74,72,3,0
82,98,Data Science,Intern,0,3,0,79,70,1,0
83,50,MERN,Intern,0,4,1,78,50,3,0
83,90,DevOps,Intern,6,3,0,69,70,2,0
85,71,MERN,Job,2,4,0,70,76,3,1
84,78,DevOps,Job,7,0,1,71,91,2,1
66,63,DevOps,Job,6,0,1,84,55,2,1
77,97,Data Science,Intern,2,3,1,86,93,1,0
63,77,Data Science,Intern,6,2,1,65,85,1,0
83,70,Cybersecurity,Job,4,4,1,99,77,0,1
97,94,DevOps,Intern,7,1,0,98,94,2,0
60,81,MERN,Job,5,3,0,92,66,3,1
62,55,Data Science,Job,0,1,0,66,89,1,1
82,50,Data Science,Intern,6,3,1,65,52,1,0
51,70,DevOps,Job,4,2,1,51,61,2,1
83,53,MERN,Job,2,2,1,53,88,3,1
78,52,Data Science,Intern,2,2,1,70,61,1,0
86,98,Data Science,Intern,0,2,1,88,51,1,0
53,79,MERN,Job,3,0,1,83,95,3,1
61,80,Data Science,Intern,6,0,0,79,71,1,0
75,83,MERN,Job,7,4,0,55,72,3,1
77,68,DevOps,Job,1,1,0,66,79,2,1
52,69,Data Science,Job,2,3,0,88,54,1,1
69,72,DevOps,Intern,7,3,0,74,58,2,0
59,89,MERN,Intern,7,0,1,54,70,3,0
67,74,DevOps,Job,5,3,1,54,60,2,1
76,64,DevOps,Intern,7,0,1,69,54,2,0
80,87,DevOps,Job,7,4,1,65,84,2,1
76,72,Cybersecurity,Job,5,1,1,100,76,0,1
91,51,MERN,Job,2,4,1,90,98,3,1
50,64,MERN,Job,7,2,0,86,51,3,1
55,93,MERN,Job,3,2,1,89,73,3,1
60,84,MERN,Intern,3,2,1,58,80,3,0
83,59,MERN,Job,4,4,1,54,82,3,1
88,63,Data Science,Intern,5,3,1,91,88,1,0
69,76,Data Science,Intern,4,1,0,51,79,1,0
70,63,Data Science,Intern,5,2,0,58,95,1,0
70,84,DevOps,Intern,6,2,1,92,86,2,0
67,82,DevOps,Job,6,2,0,85,100,2,1
70,50,MERN,Job,7,1,0,71,77,3,1
68,83,Cybersecurity,Job,1,2,1,71,80,0,1
53,68,MERN,Intern,6,1,1,71,60,3,0
62,73,Data Science,Intern,1,2,1,83,72,1,0
67,91,MERN,Job,6,4,1,78,51,3,1
78,53,DevOps,Job,0,4,1,87,89,2,1
74,85,MERN,Job,6,1,0,95,90,3,1
62,62,Data Science,Job,4,4,1,82,76,1,1
76,81,MERN,Job,2,1,1,67,84,3,1
68,58,DevOps,Intern,7,4,1,56,51,2,0
98,88,Cybersecurity,Job,4,4,0,50,88,0,1
50,65,Data Science,Job,2,1,1,82,86,1,1
87,99,MERN,Job,3,3,1,50,70,3,1
68,52,DevOps,Job,4,4,1,73,54,2,1
50,69,Data Science,Intern,3,2,0,53,94,1,0
89,59,Data Science,Job,1,3,1,53,70,1,1
66,71,DevOps,Job,1,1,1,67,78,2,1
70,97,MERN,Intern,0,3,1,76,69,3,0
71,52,MERN,Intern,6,0,0,92,87,3,0
64,60,MERN,Job,4,0,1,81,69,3,1
99,74,Data Science,Job,3,4,1,82,99,1,1
88,91,Cybersecurity,Job,2,4,1,77,74,0,1
97,97,Data Science,Job,1,2,0,91,51,1,1
88,57,MERN,Intern,6,3,1,90,81,3,0
81,58,Data Science,Job,1,0,1,85,75,1,1
98,64,Cybersecurity,Intern,2,4,1,55,55,0,0
53,81,Data Science,Intern,6,3,0,65,90,1,0
93,52,DevOps,Intern,6,4,0,83,52,2,0
94,53,MERN,Job,3,4,1,72,82,3,1
81,79,MERN,Intern,3,0,0,99,50,3,0
53,62,MERN,Job,4,0,0,91,100,3,1
50,93,Data Science,Job,4,4,0,73,54,1,1
82,70,Data Science,Job,5,1,1,98,62,1,1
56,90,Data Science,Job,7,4,1,62,68,1,1
58,95,MERN,Job,5,4,0,67,61,3,1
50,68,Data Science,Intern,0,2,0,62,97,1,0
65,88,MERN,Intern,1,2,0,98,74,3,0
67,97,Data Science,Job,4,2,1,86,100,1,1
96,71,MERN,Job,3,1,1,92,84,3,1
55,69,DevOps,Job,2,1,0,88,61,2,1
51,86,Data Science,Job,3,4,0,91,79,1,1
58,80,MERN,Intern,1,2,0,66,54,3,0
53,59,DevOps,Intern,5,1,0,64,83,2,0
94,67,DevOps,Job,3,0,1,67,71,2,1
72,92,Cybersecurity,Job,7,4,0,72,88,0,1
92,88,Data Science,Intern,0,3,1,100,62,1,0
94,95,MERN,Job,1,4,0,79,96,3,1
92,69,Cybersecurity,Job,5,3,0,83,52,0,1
100,67,Data Science,Intern,7,2,0,53,69,1,0
57,60,DevOps,Intern,2,3,0,52,80,2,0
88,71,Data Science,Intern,5,2,0,56,54,1,0
74,93,MERN,Job,6,0,1,67,73,3,1
65,67,DevOps,Job,7,3,0,91,89,2,1
84,83,Cybersecurity,Intern,7,4,0,56,82,0,0
66,72,Data Science,Intern,0,2,0,89,57,1,0
67,50,Data Science,Job,1,4,1,55,73,1,1
76,59,Cybersecurity,Intern,2,1,1,71,99,0,0
64,50,Data Science,Job,0,2,1,50,69,1,1
66,87,Data Science,Intern,5,3,1,53,65,1,0
92,88,Data Science,Intern,0,2,0,95,99,1,0
54,98,DevOps,Job,7,4,0,98,61,2,1
65,58,DevOps,Job,1,0,0,99,62,2,1
64,80,MERN,Job,4,2,1,92,94,3,1
91,56,Data Science,Job,0,3,0,78,91,1,1
95,66,MERN,Job,6,1,0,70,88,3,1
83,84,DevOps,Job,0,0,1,75,74,2,1
97,97,Data Science,Intern,5,1,1,63,95,1,0
68,86,MERN,Intern,5,2,1,58,81,3,0
57,67,Data Science,Job,2,4,0,96,73,1,1
96,82,Data Science,Job,5,4,0,61,97,1,1
59,53,Cybersecurity,Job,3,3,1,91,96,0,1
54,72,MERN,Intern,1,4,0,100,93,3,0
97,60,DevOps,Job,1,0,1,100,58,2,1
75,58,MERN,Job,4,4,1,55,89,3,1
71,79,MERN,Job,4,3,0,69,99,3,1
93,57,MERN,Job,1,2,1,73,72,3,1
72,89,Cybersecurity,Intern,6,2,1,76,99,0,0
62,54,Data Science,Job,4,4,1,87,62,1,1
58,61,DevOps,Job,2,1,0,57,81,2,1
98,50,Cybersecurity,Job,5,2,1,50,99,0,1
69,64,DevOps,Intern,1,4,1,98,64,2,0
77,74,Cybersecurity,Job,7,3,1,98,85,0,1
93,67,Data Science,Job,4,4,1,73,98,1,1
86,87,DevOps,Intern,1,2,1,96,54,2,0
73,91,MERN,Job,3,3,1,56,71,3,1
93,95,Cybersecurity,Intern,0,4,1,68,65,0,0
82,75,DevOps,Job,5,0,0,71,90,2,1
69,89,Data Science,Job,1,3,0,84,59,1,1
97,52,DevOps,Intern,0,0,1,79,73,2,0
79,71,Cybersecurity,Job,4,1,0,78,67,0,1
93,75,Data Science,Intern,0,3,0,71,98,1,0
58,68,MERN,Job,5,0,1,60,67,3,1
94,93,Cybersecurity,Intern,1,2,0,69,56,0,0
98,93,Cybersecurity,Job,3,2,1,78,53,0,1
66,96,Data Science,Intern,6,1,1,100,75,1,0
85,88,Cybersecurity,Intern,4,3,1,90,54,0,0
63,85,DevOps,Job,1,3,1,91,65,2,1
68,70,MERN,Job,5,3,1,83,84,3,1
56,90,DevOps,Intern,4,1,0,50,75,2,0
52,97,Data Science,Job,2,3,1,80,67,1,1
82,75,Cybersecurity,Intern,0,2,0,79,78,0,0
93,62,MERN,Job,6,0,1,97,72,3,1
81,85,Data Science,Intern,5,2,1,67,63,1,0
96,73,DevOps,Intern,2,2,1,66,64,2,0
60,90,Cybersecurity,Job,7,0,0,87,98,0,1
91,75,Cybersecurity,Job,1,2,1,63,82,0,1
51,70,Data Science,Intern,3,1,1,72,74,1,0
75,67,DevOps,Job,4,0,1,74,70,2,1
53,64,Cybersecurity,Intern,0,2,1,64,66,0,0
66,64,DevOps,Intern,4,4,0,95,72,2,0
66,55,MERN,Job,6,2,1,71,92,3,1
77,92,Cybersecurity,Job,1,1,0,52,66,0,1
79,80,MERN,Intern,4,3,1,68,63,3,0
89,77,Cybersecurity,Intern,0,2,0,93,78,0,0
72,57,Data Science,Job,1,3,0,83,69,1,1
95,78,Cybersecurity,Intern,4,4,1,84,79,0,0
73,70,Cybersecurity,Intern,3,2,1,99,68,0,0
78,66,DevOps,Job,5,0,0,50,88,2,1
53,98,DevOps,Job,1,3,1,70,62,2,1
87,73,MERN,Job,5,4,1,78,67,3,1
78,99,MERN,Intern,7,0,1,55,72,3,0
68,85,MERN,Job,1,0,0,86,95,3,1
76,80,Cybersecurity,Intern,3,0,1,50,82,0,0
78,96,Cybersecurity,Job,5,0,1,100,88,0,1
85,83,MERN,Job,2,2,1,50,89,3,1
84,51,Data Science,Job,0,2,0,76,67,1,1
55,91,Data Science,Intern,2,2,1,70,58,1,0
72,52,Cybersecurity,Intern,4,4,0,65,82,0,0
88,79,Data Science,Job,3,4,1,93,81,1,1
95,57,Data Science,Job,2,4,0,89,66,1,1
93,56,MERN,Intern,1,1,1,75,68,3,0
97,61,Data Science,Job,4,4,1,65,76,1,1
57,68,Data Science,Job,4,2,0,77,55,1,1
51,75,Cybersecurity,Job,2,2,0,50,84,0,1
62,77,Cybersecurity,Intern,7,1,0,85,86,0,0
89,64,Cybersecurity,Intern,2,1,1,59,83,0,0
70,63,Data Science,Intern,7,4,1,92,69,1,0
80,97,MERN,Job,3,3,1,66,74,3,1
97,63,DevOps,Job,0,1,1,72,53,2,1
85,52,Cybersecurity,Job,2,0,0,56,59,0,1
97,99,Cybersecurity,Job,6,2,1,93,59,0,1
87,78,Cybersecurity,Job,7,0,1,56,73,0,1
76,55,MERN,Job,2,2,1,93,70,3,1
85,98,DevOps,Job,5,2,1,64,60,2,1
97,72,DevOps,Intern,1,1,1,83,76,2,0
72,77,Cybersecurity,Job,6,1,1,95,65,0,1
70,63,Data Science,Job,6,0,1,94,75,1,1
62,63,Cybersecurity,Intern,7,2,0,53,79,0,0
86,69,Cybersecurity,Intern,5,0,1,63,98,0,0
96,62,Data Science,Job,5,3,1,63,65,1,1
75,76,Data Science,Job,4,0,1,65,56,1,1
89,84,Cybersecurity,Intern,7,4,1,56,65,0,0
56,94,MERN,Job,0,0,0,81,84,3,1
95,51,MERN,Job,1,4,0,68,65,3,1
88,90,Data Science,Intern,3,4,0,51,89,1,0
71,94,Cybersecurity,Intern,6,4,0,59,61,0,0
88,89,MERN,Job,3,3,0,99,84,3,1
72,97,Cybersecurity,Job,2,0,0,66,98,0,1
79,73,Cybersecurity,Job,2,0,1,86,70,0,1
67,78,Cybersecurity,Intern,3,3,0,61,99,0,0
91,52,MERN,Job,2,2,0,55,92,3,1
67,94,DevOps,Job,0,1,1,71,85,2,1
95,53,Cybersecurity,Intern,5,0,0,81,97,0,0
59,99,MERN,Job,2,1,1,90,66,3,1
88,51,DevOps,Intern,4,3,1,69,81,2,0
79,69,Data Science,Intern,2,2,0,50,90,1,0
75,64,MERN,Intern,1,2,1,96,55,3,0
56,98,DevOps,Job,0,2,0,55,73,2,1
56,81,MERN,Intern,1,3,0,68,76,3,0
54,91,DevOps,Intern,1,4,1,67,69,2,0
50,50,DevOps,Intern,4,4,1,55,74,2,0
95,87,MERN,Intern,0,1,0,94,51,3,0
67,84,Data Science,Intern,0,4,1,82,58,1,0
62,100,Cybersecurity,Job,7,4,1,72,77,0,1
74,56,DevOps,Intern,0,2,0,72,87,2,0
89,94,Cybersecurity,Job,0,2,0,75,52,0,1
57,62,Data Science,Job,0,1,1,62,69,1,1
59,98,Cybersecurity,Intern,4,0,0,56,55,0,0
81,50,Cybersecurity,Job,2,1,0,64,88,0,1
66,63,MERN,Job,7,1,0,93,82,3,1
87,78,MERN,Intern,1,3,0,76,50,3,0
64,52,Data Science,Intern,0,3,0,75,86,1,0
64,95,MERN,Job,6,1,0,82,55,3,1
97,73,DevOps,Job,2,1,0,64,94,2,1
89,50,Data Science,Job,2,1,1,85,83,1,1
100,97,MERN,Intern,1,4,0,94,96,3,0
69,59,MERN,Job,4,3,1,76,64,3,1
64,62,Data Science,Job,3,1,1,54,94,1,1
84,85,DevOps,Job,3,2,1,51,75,2,1
55,58,Data Science,Job,2,2,0,82,63,1,1
79,63,MERN,Intern,5,4,0,65,56,3,0
57,85,MERN,Job,5,4,1,72,95,3,1
80,59,Data Science,Job,1,0,0,87,80,1,1
97,89,DevOps,Job,3,0,1,65,73,2,1
96,72,DevOps,Job,2,0,0,63,80,2,1
81,84,Cybersecurity,Job,4,4,0,78,78,0,1
94,56,DevOps,Job,3,4,1,75,91,2,1
64,91,Data Science,Intern,2,4,1,84,81,1,0
67,84,DevOps,Intern,2,2,1,64,66,2,0
62,51,DevOps,Job,0,4,0,52,63,2,1
73,64,Cybersecurity,Job,4,2,1,72,89,0,1
89,58,DevOps,Job,0,0,0,78,85,2,1
63,96,Cybersecurity,Intern,1,0,0,83,97,0,0
77,66,Cybersecurity,Job,0,0,0,82,73,0,1
60,88,DevOps,Job,6,1,1,90,94,2,1
55,67,MERN,Intern,0,1,1,90,76,3,0
