Attendance,Assignment_Score,Domain,Placement_Status,Project_Count,Certifications,Hackathon_Participation,Soft_Skills_Score,Interview_Score
96,74,MERN,Job,6,3,1,65,72
68,50,AI/ML,Intern,3,2,1,88,56
76,74,Web Development,Intern,4,4,1,53,52
58,51,MERN,Job,6,0,1,74,81
86,81,MERN,Job,2,4,1,81,80
86,62,MERN,Intern,7,0,1,89,67
92,82,Web Development,Intern,4,1,1,62,92
77,81,Data Science,Intern,4,0,1,94,56
73,73,AI/ML,Job,6,3,1,66,90
77,76,Web Development,Job,1,2,1,98,50
85,53,Python,Intern,2,1,1,86,63
67,73,Python,Intern,6,0,1,55,81
74,72,Web Development,Job,2,4,0,68,55
84,78,Web Development,Job,2,1,1,62,88
53,83,Data Science,Intern,7,1,0,75,59
63,70,Python,Job,4,0,1,63,56
88,79,AI/ML,Intern,3,1,1,80,75
75,75,MERN,Job,7,4,0,53,83
57,69,MERN,Job,7,1,1,88,79
73,65,Data Science,Job,2,4,0,57,85
65,52,Data Science,Intern,5,0,0,74,70
69,98,Python,Job,4,2,0,62,66
64,86,AI/ML,Job,1,1,1,81,82
56,89,AI/ML,Job,7,2,1,87,59
66,93,Web Development,Job,3,4,1,87,100
71,74,Data Science,Job,5,1,0,77,96
71,72,MERN,Job,5,3,0,79,91
61,93,MERN,Intern,1,2,1,52,100
67,50,Python,Job,7,1,1,77,61
95,82,MERN,Job,3,2,1,52,65
96,64,AI/ML,Job,4,1,1,94,90
64,66,AI/ML,Job,0,0,1,83,81
86,83,Data Science,Intern,3,2,0,65,64
65,66,Python,Intern,1,3,0,71,76
54,90,MERN,Job,5,3,0,81,77
51,93,Data Science,Job,4,4,1,87,66
77,53,Web Development,Job,3,1,0,57,95
90,62,Web Development,Job,0,2,0,57,99
76,53,MERN,Job,0,4,0,55,51
80,56,MERN,Job,2,2,0,63,85
90,95,MERN,Intern,2,1,0,81,99
85,58,AI/ML,Intern,6,3,1,84,56
96,72,MERN,Job,1,0,0,59,62
92,82,Web Development,Job,7,3,1,52,64
50,82,MERN,Job,3,4,1,61,74
99,69,Python,Job,3,0,1,98,72
78,53,Web Development,Job,7,4,1,80,71
50,50,Python,Job,6,1,1,78,75
57,91,Web Development,Job,5,0,0,54,82
65,83,Data Science,Job,5,4,0,74,60
77,76,Web Development,Intern,6,1,1,90,59
71,70,Web Development,Job,5,3,1,80,74
67,73,Python,Job,2,1,1,70,86
71,64,Python,Job,3,2,0,69,97
90,84,Web Development,Job,6,1,1,88,92
61,74,Web Development,Job,3,1,0,71,87
68,58,AI/ML,Job,7,2,1,53,90
74,66,Data Science,Intern,0,4,0,62,94
99,70,Data Science,Intern,2,4,1,94,73
54,62,MERN,Intern,4,1,0,91,89
83,52,Web Development,Job,2,2,1,99,95
88,53,Web Development,Job,6,2,0,98,82
59,53,Web Development,Job,4,3,0,69,66
96,92,Web Development,Job,0,4,0,62,73
56,77,Data Science,Job,6,0,0,66,86
86,56,Python,Job,1,4,0,85,51
96,75,AI/ML,Job,3,4,0,82,81
64,60,Python,Intern,0,3,0,50,73
91,73,Python,Intern,3,0,1,64,58
73,92,Data Science,Job,5,3,1,62,53
75,59,AI/ML,Job,1,0,1,66,66
75,86,Web Development,Job,1,1,1,73,66
95,62,Data Science,Job,0,0,1,57,99
75,93,Data Science,Intern,1,3,0,99,97
59,91,AI/ML,Intern,4,4,0,76,79
66,88,MERN,Intern,1,0,0,94,89
63,68,Data Science,Job,3,0,0,72,60
51,100,Python,Intern,3,2,0,95,70
97,68,Python,Job,6,4,1,57,70
62,61,Web Development,Intern,3,1,1,57,67
76,71,Data Science,Job,6,3,1,75,78
58,96,Web Development,Intern,3,1,1,96,73
56,86,Data Science,Job,4,4,0,62,59
97,79,AI/ML,Intern,7,0,0,88,94
59,95,Data Science,Intern,6,0,0,86,66
58,61,MERN,Job,2,4,1,98,67
71,78,Python,Intern,5,0,0,77,91
72,70,AI/ML,Intern,0,0,1,74,97
56,60,Python,Job,3,0,0,65,69
97,86,Web Development,Job,1,3,0,51,86
58,97,AI/ML,Intern,7,3,1,67,94
76,67,MERN,Job,3,2,0,66,67
73,93,Python,Job,1,1,0,79,66
78,76,Data Science,Job,5,4,1,88,58
66,86,Data Science,Job,5,4,0,62,63
69,97,Data Science,Job,5,4,1,81,98
56,61,AI/ML,Job,1,2,0,99,78
92,72,MERN,Job,3,3,0,78,80
89,83,MERN,Intern,5,2,0,95,53
56,87,MERN,Intern,4,4,0,79,67
77,72,Python,Job,6,1,0,67,69
68,74,AI/ML,Job,1,0,0,62,96
69,53,Data Science,Intern,1,3,0,92,92
93,79,Python,Intern,3,3,0,70,93
88,79,MERN,Intern,1,2,1,79,58
89,62,Data Science,Intern,1,3,1,70,62
56,91,AI/ML,Intern,5,4,0,97,64
55,98,Web Development,Job,3,4,0,66,76
74,63,MERN,Job,5,2,1,89,64
90,96,MERN,Intern,6,4,0,68,77
62,57,MERN,Job,7,1,0,64,86
88,73,MERN,Job,6,2,1,58,68
89,67,Data Science,Job,7,1,0,59,75
71,84,AI/ML,Job,5,0,0,93,75
98,74,Python,Job,6,1,1,80,74
66,66,Data Science,Intern,3,0,0,72,75
97,81,AI/ML,Job,0,0,0,79,75
71,73,Python,Intern,5,1,1,82,95
83,56,MERN,Job,7,2,0,58,77
57,62,AI/ML,Intern,4,4,1,96,98
98,76,MERN,Job,7,4,0,50,67
94,97,AI/ML,Intern,4,0,0,93,81
67,54,Web Development,Intern,1,0,1,84,52
73,85,MERN,Job,6,2,1,60,51
91,75,MERN,Job,4,3,0,83,82
51,91,MERN,Job,7,1,1,65,91
51,94,Data Science,Intern,1,0,1,58,68
76,80,Python,Job,0,4,0,81,66
63,59,MERN,Job,3,2,0,64,93
97,95,MERN,Job,3,1,0,61,82
88,75,Data Science,Intern,3,2,1,82,61
61,71,Data Science,Intern,4,1,1,94,98
81,61,Web Development,Job,0,1,1,63,52
77,81,AI/ML,Intern,4,0,1,57,92
77,76,MERN,Job,6,2,0,57,98
95,82,AI/ML,Job,4,2,1,76,75
74,69,Data Science,Job,0,4,0,61,84
53,88,Data Science,Intern,0,4,1,50,57
75,90,Web Development,Intern,6,0,0,92,85
85,89,Python,Job,0,0,0,89,56
99,62,Data Science,Job,7,3,0,91,95
52,63,MERN,Job,0,4,1,100,95
50,93,Web Development,Intern,3,1,0,60,85
66,89,Python,Intern,7,2,0,88,65
56,71,Web Development,Job,7,0,1,92,73
97,67,Data Science,Intern,6,2,0,80,50
54,97,Python,Intern,2,2,1,66,98
68,78,AI/ML,Intern,2,3,1,82,74
88,92,Python,Intern,0,4,0,81,59
95,65,MERN,Job,7,0,0,78,65
83,95,AI/ML,Job,2,2,1,70,65
84,84,AI/ML,Intern,2,0,0,70,57
98,83,MERN,Intern,0,1,1,89,78
65,52,AI/ML,Job,2,3,1,72,88
89,53,Data Science,Intern,4,1,1,55,77
99,54,Python,Intern,1,0,0,71,55
96,59,Python,Job,6,0,1,99,65
88,78,MERN,Intern,1,4,0,87,69
76,81,Data Science,Job,0,2,0,86,65
90,80,AI/ML,Intern,3,2,0,94,56
87,51,Python,Job,6,1,0,100,90
99,61,Python,Job,0,3,1,57,63
99,76,Python,Intern,7,2,0,90,92
74,54,Python,Job,3,4,1,98,75
75,86,Web Development,Job,1,1,1,84,75
63,76,MERN,Job,0,1,0,100,63
63,72,AI/ML,Job,7,4,1,60,56
63,82,AI/ML,Job,6,3,1,73,82
74,53,MERN,Job,6,4,0,98,75
85,70,Data Science,Job,5,3,1,70,94
53,73,MERN,Job,7,4,1,100,69
96,93,Python,Intern,4,4,1,51,52
64,80,Python,Intern,2,0,1,89,53
81,93,MERN,Job,3,1,0,68,75
67,97,MERN,Intern,7,4,1,88,60
63,73,AI/ML,Job,5,4,1,77,51
50,98,AI/ML,Job,2,2,1,66,63
91,59,Web Development,Job,2,1,1,55,93
69,98,Web Development,Intern,0,2,0,68,79
59,98,Python,Intern,2,1,1,87,98
59,99,Web Development,Intern,4,2,0,77,61
73,51,Web Development,Job,6,4,1,51,75
83,80,Data Science,Job,5,4,0,87,93
77,74,MERN,Job,2,0,0,86,82
76,53,AI/ML,Job,0,2,0,100,62
89,100,Web Development,Job,4,3,0,53,63
50,60,AI/ML,Job,1,0,0,71,73
82,66,Web Development,Intern,6,2,1,75,83
53,93,Web Development,Job,6,2,1,98,93
56,51,Python,Intern,5,0,1,92,75
58,55,Data Science,Intern,6,4,0,85,70
65,58,MERN,Job,2,2,1,62,77
54,54,MERN,Intern,0,4,0,81,97
83,69,Python,Job,6,0,0,66,85
72,78,Python,Intern,6,4,1,90,89
92,70,MERN,Job,1,1,1,85,51
99,58,MERN,Intern,1,3,0,95,91
74,77,Data Science,Job,3,2,0,68,58
100,57,Web Development,Job,4,3,1,84,72
62,80,Data Science,Job,2,4,1,95,64
73,69,MERN,Job,6,2,1,89,62
60,76,Web Development,Job,7,4,1,77,72
100,57,MERN,Intern,6,1,0,50,66
66,70,Data Science,Job,0,0,1,91,97
86,77,Data Science,Job,3,2,1,67,51
62,72,Data Science,Job,4,1,1,97,69
76,55,Web Development,Intern,7,1,0,89,69
69,52,AI/ML,Job,3,2,0,82,95
82,54,AI/ML,Intern,5,4,0,61,52
91,58,MERN,Intern,4,1,0,57,61
81,56,Web Development,Job,6,3,1,73,89
57,53,Python,Intern,6,1,0,65,51
78,88,AI/ML,Job,4,4,1,99,85
89,54,Web Development,Intern,6,4,1,53,63
68,60,Web Development,Intern,2,3,1,87,65
55,64,AI/ML,Job,4,1,1,93,68
93,83,Web Development,Intern,3,4,0,76,83
88,62,Web Development,Job,4,2,0,58,93
97,97,AI/ML,Job,7,0,0,96,95
90,56,Data Science,Job,6,0,1,65,55
70,89,MERN,Intern,2,0,1,61,62
71,55,Python,Job,2,1,1,80,85
91,88,MERN,Job,5,3,1,73,71
59,99,Data Science,Intern,3,4,1,63,67
59,79,Data Science,Job,1,2,0,94,61
78,71,Web Development,Intern,1,2,1,74,79
65,74,MERN,Job,4,1,0,83,100
50,77,Data Science,Intern,5,0,1,52,89
66,69,MERN,Job,0,1,1,73,56
79,88,Data Science,Job,4,3,0,91,81
75,52,Python,Job,5,3,0,58,97
95,54,Data Science,Intern,3,4,1,75,68
68,50,MERN,Intern,3,4,1,69,55
70,64,Web Development,Intern,3,3,1,89,69
66,75,MERN,Job,3,3,1,59,76
95,52,AI/ML,Intern,3,3,0,68,92
89,89,MERN,Intern,5,1,1,52,86
70,90,Python,Job,5,3,0,73,97
90,96,Python,Job,2,2,1,54,56
89,91,Python,Job,7,0,0,52,54
94,83,Data Science,Job,1,3,0,76,60
98,54,Python,Job,6,0,1,65,64
68,80,MERN,Job,3,1,0,98,52
56,100,Web Development,Job,0,0,1,64,54
66,62,Python,Job,6,1,0,84,72
50,92,MERN,Job,5,2,1,61,86
86,50,Data Science,Job,0,1,0,90,58
55,71,Data Science,Intern,0,1,1,93,64
75,64,Web Development,Job,0,4,1,75,52
51,75,Web Development,Intern,2,3,0,96,78
81,67,MERN,Job,5,3,0,83,55
97,97,Web Development,Intern,0,2,0,72,66
54,58,Web Development,Intern,3,2,0,80,75
86,50,Data Science,Job,4,3,1,99,70
80,92,MERN,Intern,0,4,0,69,57
61,58,Web Development,Job,2,3,1,61,70
84,72,MERN,Job,6,4,0,72,60
79,92,Python,Job,5,2,1,53,87
97,94,Data Science,Job,7,0,1,72,57
55,51,Data Science,Intern,2,2,1,97,91
64,63,Data Science,Intern,0,2,1,97,73
64,87,AI/ML,Job,5,1,0,50,84
65,89,MERN,Job,4,1,0,74,63
69,67,Python,Job,0,1,1,51,63
62,65,Web Development,Job,2,1,0,79,59
93,78,Python,Intern,1,4,0,52,61
91,93,MERN,Job,3,3,1,70,87
95,60,Data Science,Job,7,0,0,74,93
80,55,AI/ML,Intern,6,2,0,69,95
83,52,MERN,Job,2,4,0,98,83
78,63,MERN,Job,5,0,1,71,90
52,51,Web Development,Job,7,4,0,70,59
58,81,Python,Job,7,4,1,82,66
60,80,Python,Job,7,2,0,87,66
60,60,Web Development,Job,0,3,0,64,52
74,71,AI/ML,Intern,3,1,0,95,80
71,52,Data Science,Job,0,3,1,64,100
91,99,Data Science,Job,5,2,1,95,50
95,80,AI/ML,Intern,0,2,0,74,61
58,82,Web Development,Intern,1,2,1,70,88
69,73,MERN,Job,3,0,0,73,53
70,50,Python,Job,3,3,1,54,91
59,93,MERN,Intern,5,3,1,55,62
71,64,Python,Job,6,4,0,98,83
78,86,MERN,Job,1,4,0,92,91
58,76,Web Development,Job,2,4,0,97,70
54,87,Web Development,Job,0,2,0,93,71
89,97,AI/ML,Job,4,3,1,96,53
60,76,MERN,Intern,0,2,1,72,67
50,93,MERN,Job,7,0,1,53,54
91,61,AI/ML,Job,0,4,0,76,68
50,52,AI/ML,Job,2,2,0,67,51
88,79,Web Development,Intern,0,2,1,70,61
95,81,Web Development,Job,1,0,0,77,66
54,72,MERN,Intern,1,1,1,84,59
98,51,Web Development,Intern,3,3,1,71,83
71,56,Web Development,Job,5,1,1,89,55
75,83,MERN,Job,6,4,1,72,57
55,81,AI/ML,Job,4,2,1,52,100
81,88,MERN,Job,7,0,0,89,60
97,81,Data Science,Job,0,0,0,99,61
60,92,MERN,Intern,0,3,0,59,58
59,92,Data Science,Intern,2,1,1,74,51
96,63,MERN,Intern,5,3,1,98,57
88,52,Data Science,Job,1,2,1,57,60
83,95,Data Science,Job,4,3,1,60,85
80,81,MERN,Intern,3,0,0,54,59
61,92,Web Development,Job,1,0,0,94,70
100,85,Python,Job,7,4,1,86,69
93,66,Web Development,Job,5,4,1,94,97
65,97,Data Science,Intern,7,2,1,87,57
87,52,MERN,Job,6,1,0,78,85
52,59,MERN,Job,3,3,0,54,78
51,96,MERN,Intern,6,2,0,58,91
54,89,MERN,Job,2,4,1,97,61
60,67,Python,Job,7,3,1,51,63
74,52,AI/ML,Intern,2,4,0,50,97
84,88,Data Science,Job,0,3,1,89,99
84,59,Python,Intern,6,1,0,100,70
71,58,Web Development,Intern,5,2,1,79,71
86,95,AI/ML,Job,7,3,0,60,70
71,95,AI/ML,Job,4,0,1,77,93
60,60,MERN,Job,3,0,0,93,99
81,82,Python,Intern,1,3,0,61,79
84,85,Web Development,Job,5,3,0,88,88
80,75,MERN,Job,5,3,0,75,69
94,76,MERN,Intern,2,0,0,62,73
57,87,Data Science,Intern,6,0,0,57,72
69,71,AI/ML,Job,7,3,1,77,56
91,75,Web Development,Job,7,4,1,79,58
83,71,AI/ML,Intern,0,4,1,58,50
53,54,Python,Job,0,1,0,88,75
67,84,Data Science,Job,3,2,0,80,87
100,51,MERN,Intern,2,4,1,70,87
53,84,Data Science,Intern,5,0,0,96,93
69,58,MERN,Job,7,4,0,83,71
58,100,Data Science,Intern,4,1,0,80,93
65,100,MERN,Job,2,1,0,74,59
75,98,AI/ML,Job,3,2,0,61,55
87,67,AI/ML,Job,3,4,1,50,66
74,92,AI/ML,Job,2,0,1,71,100
53,61,AI/ML,Job,3,0,1,89,99
90,52,Data Science,Job,2,3,1,86,87
94,67,MERN,Job,1,0,1,96,73
90,87,AI/ML,Job,2,2,0,50,100
87,56,Data Science,Job,6,2,0,50,59
68,82,MERN,Intern,2,0,0,91,57
63,55,Data Science,Intern,3,0,0,91,70
70,67,AI/ML,Intern,7,3,1,70,55
64,94,Python,Intern,6,0,1,64,70
52,71,Data Science,Job,3,3,1,66,88
86,100,AI/ML,Intern,0,3,0,71,73
99,88,Web Development,Intern,0,0,1,87,82
95,100,MERN,Job,7,1,0,84,67
65,58,AI/ML,Job,7,1,1,94,77
63,84,Web Development,Job,6,3,1,65,81
58,72,Data Science,Job,1,0,0,57,61
96,61,Data Science,Job,7,1,0,96,97
56,73,Web Development,Job,0,0,1,66,91
63,99,Web Development,Intern,2,0,1,66,76
55,89,MERN,Job,3,0,0,75,59
70,58,Data Science,Intern,0,4,1,62,95
64,62,Web Development,Job,0,0,1,66,91
57,89,Python,Job,1,4,0,87,81
83,91,Python,Intern,6,3,1,66,91
89,66,Web Development,Intern,6,1,0,97,75
50,56,MERN,Job,5,1,1,63,74
81,66,Data Science,Job,1,1,0,94,60
98,99,Python,Job,2,1,1,55,72
100,73,Web Development,Intern,6,1,0,84,83
54,51,Web Development,Job,3,1,1,95,89
79,84,AI/ML,Intern,7,1,0,63,72
71,77,Web Development,Intern,1,3,1,96,78
69,68,MERN,Job,7,0,1,57,80
65,82,Python,Intern,0,2,1,64,56
56,70,AI/ML,Job,3,4,1,76,89
56,59,Python,Job,3,2,1,62,82
99,95,Python,Job,0,2,1,98,70
99,94,MERN,Intern,1,0,1,80,51
51,58,Web Development,Job,0,0,1,84,67
96,87,MERN,Intern,7,0,1,55,96
63,55,Web Development,Job,5,1,0,54,82
80,100,AI/ML,Intern,3,3,0,71,86
99,91,MERN,Job,4,1,1,98,83
90,84,MERN,Job,4,3,0,72,69
63,67,Data Science,Job,7,3,1,74,84
54,68,MERN,Job,2,2,1,83,100
60,54,Data Science,Job,6,2,0,75,99
89,74,Web Development,Intern,0,3,1,96,67
54,60,Web Development,Intern,0,3,1,54,95
78,59,Web Development,Job,2,1,0,75,73
60,66,Data Science,Job,2,1,0,69,57
54,85,Web Development,Intern,7,2,1,55,79
98,75,Python,Job,7,0,0,55,93
81,80,MERN,Intern,2,3,0,99,59
85,81,Data Science,Job,3,1,1,67,72
64,70,Web Development,Intern,7,2,0,53,98
68,67,Python,Intern,5,1,0,66,60
71,67,MERN,Job,7,3,1,63,51
83,50,MERN,Job,0,3,0,63,75
66,63,Web Development,Job,7,4,0,62,85
61,57,Python,Job,3,0,1,56,82
74,51,Data Science,Job,2,4,1,93,96
66,100,Web Development,Job,0,2,1,64,62
59,64,MERN,Job,7,1,0,68,89
77,83,MERN,Job,3,2,1,92,74
67,85,MERN,Intern,5,3,1,96,53
100,50,Web Development,Intern,7,4,0,93,91
67,100,AI/ML,Job,3,4,1,84,68
94,70,AI/ML,Intern,5,4,1,66,67
81,91,AI/ML,Job,2,2,1,84,86
63,50,Python,Job,7,3,1,68,79
65,81,Web Development,Job,5,1,0,69,68
99,69,MERN,Intern,0,1,1,85,72
67,96,Python,Intern,2,2,1,84,65
65,85,AI/ML,Intern,0,4,0,81,50
66,88,Data Science,Job,4,0,1,97,61
56,79,Python,Intern,1,2,0,93,73
61,56,Python,Job,7,2,0,89,83
83,71,Web Development,Intern,5,3,0,73,57
59,99,Python,Job,1,1,1,66,67
54,94,Web Development,Job,1,2,0,56,97
70,59,Data Science,Job,5,2,0,92,54
52,57,MERN,Intern,2,4,0,99,75
68,76,MERN,Job,7,4,1,50,79
94,59,AI/ML,Intern,4,0,1,84,62
93,63,AI/ML,Intern,0,3,1,81,68
84,95,Data Science,Job,3,0,1,85,78
55,60,MERN,Job,0,4,1,62,52
63,55,AI/ML,Job,3,1,1,55,75
53,70,Python,Job,0,4,1,63,89
94,82,Web Development,Job,5,3,0,86,61
100,68,AI/ML,Job,4,4,0,97,51
67,88,Data Science,Job,7,3,0,64,60
78,73,MERN,Job,3,3,0,96,93
84,67,Data Science,Job,7,3,1,53,77
87,84,Web Development,Intern,7,3,0,89,67
65,92,Web Development,Job,7,3,0,65,62
69,86,Data Science,Job,6,1,0,77,86
73,68,AI/ML,Job,2,0,0,65,71
84,73,AI/ML,Job,0,2,1,53,61
93,83,MERN,Intern,7,0,1,94,51
100,71,MERN,Job,0,3,1,75,86
68,53,Python,Job,7,1,0,77,56
53,59,Python,Job,3,4,1,81,75
82,51,MERN,Job,2,1,0,94,75
51,57,Python,Intern,2,3,1,51,73
62,82,Data Science,Intern,5,1,1,80,61
94,87,AI/ML,Intern,6,1,1,52,65
79,92,Python,Job,5,3,1,57,72
83,77,Python,Job,5,1,1,73,89
79,59,Data Science,Job,5,2,0,64,58
100,94,Web Development,Job,5,2,1,92,81
73,50,MERN,Job,5,1,0,80,64
97,83,Data Science,Intern,4,4,0,58,86
93,52,Web Development,Job,2,3,0,88,62
82,58,Data Science,Job,5,2,0,94,54
90,54,AI/ML,Intern,7,4,0,51,60
98,91,Data Science,Intern,2,1,1,57,59
59,59,Data Science,Intern,2,4,1,56,62
67,61,AI/ML,Job,1,0,1,93,90
68,67,MERN,Intern,4,2,1,100,95
56,70,Web Development,Intern,5,1,0,88,99
68,70,Python,Job,0,3,1,91,64
73,50,MERN,Job,3,1,1,65,91
64,52,Data Science,Intern,6,3,0,84,56
90,54,Python,Job,7,1,0,79,89
91,74,AI/ML,Job,0,4,1,59,77
72,98,MERN,Intern,4,4,1,87,81
53,57,Web Development,Intern,3,4,0,67,84
87,66,MERN,Intern,4,0,1,99,64
53,58,MERN,Job,7,3,1,54,97
54,81,Python,Intern,2,4,1,78,85
90,55,AI/ML,Intern,3,0,1,88,70
93,98,AI/ML,Job,2,3,0,83,55
72,89,MERN,Intern,7,1,0,92,50
89,70,AI/ML,Job,0,0,0,94,53
86,56,Python,Job,7,2,1,72,60
60,56,Python,Job,0,0,1,54,93
60,96,Web Development,Intern,3,0,1,79,75
62,88,AI/ML,Job,3,3,1,55,86
63,76,Web Development,Job,5,1,1,95,72
57,57,Data Science,Job,4,2,0,93,78
74,58,Python,Job,5,4,1,53,70
67,77,MERN,Intern,4,4,1,78,97
100,64,Python,Intern,5,0,0,72,94
93,51,Data Science,Intern,2,3,1,55,94
93,56,MERN,Intern,3,3,0,81,98
67,96,AI/ML,Job,0,4,0,91,76
59,67,AI/ML,Intern,4,2,0,67,88
56,71,Python,Intern,7,1,0,64,89
99,99,MERN,Job,4,2,0,89,62
93,59,MERN,Intern,0,1,1,81,72
63,99,Web Development,Job,5,4,0,58,65
64,82,Data Science,Intern,4,1,0,86,79
65,56,AI/ML,Job,6,3,1,59,53
51,52,Python,Intern,2,0,1,69,89
79,63,MERN,Intern,3,0,0,55,65
79,93,AI/ML,Intern,0,4,1,97,80
67,95,Python,Job,3,3,1,52,91
80,85,AI/ML,Job,6,2,0,91,74
93,62,Python,Job,4,3,0,60,93
97,65,AI/ML,Intern,4,0,1,92,61
62,65,Web Development,Intern,7,0,0,66,75
69,54,Data Science,Intern,6,3,0,81,86
98,74,AI/ML,Intern,0,3,1,53,97
99,87,Data Science,Job,7,0,0,53,82
84,87,AI/ML,Job,2,2,0,66,77
72,99,MERN,Job,7,4,0,90,58
91,87,Web Development,Intern,1,4,0,68,61
82,88,Web Development,Job,0,3,0,54,54
87,97,Data Science,Intern,1,4,1,81,77
84,90,MERN,Intern,6,0,1,71,84
100,75,Python,Job,5,0,0,55,54
85,62,Web Development,Job,1,3,1,84,83
69,93,MERN,Job,2,3,0,71,95
52,100,MERN,Job,7,3,0,50,83
57,75,Data Science,Job,5,2,0,69,62
89,50,MERN,Job,7,4,0,71,88
81,57,MERN,Job,1,3,0,97,91
78,53,Python,Job,7,1,1,60,94
56,70,Data Science,Intern,6,1,1,62,97
51,71,Data Science,Job,5,0,0,91,63
70,100,MERN,Intern,6,4,1,52,60
55,86,Python,Intern,1,3,0,58,91
77,98,AI/ML,Intern,6,1,1,61,87
97,52,Web Development,Intern,2,4,0,72,53
91,68,Data Science,Job,1,0,1,63,82
85,50,Python,Intern,1,2,0,82,56
81,78,Python,Intern,1,4,0,67,90
94,72,MERN,Intern,0,4,1,98,57
91,82,Web Development,Job,7,2,1,90,86
95,90,Data Science,Intern,0,4,0,58,100
58,72,AI/ML,Intern,0,0,1,72,59
60,54,MERN,Job,2,0,0,59,92
72,56,Data Science,Job,5,2,1,68,64
99,55,Data Science,Job,7,3,1,96,87
60,98,Python,Intern,6,1,0,54,64
98,71,Web Development,Job,4,3,1,96,54
51,98,AI/ML,Intern,1,4,1,72,78
52,62,Web Development,Intern,6,1,0,79,68
60,61,Python,Job,1,2,1,74,100
99,53,AI/ML,Job,2,2,0,77,59
84,57,AI/ML,Job,1,1,0,83,61
64,86,MERN,Job,0,0,0,94,53
92,80,AI/ML,Job,7,1,0,97,80
60,86,Data Science,Job,4,4,0,96,67
80,94,Web Development,Job,3,0,1,74,65
77,75,Web Development,Job,1,2,0,59,89
77,92,MERN,Intern,6,1,0,63,85
81,57,AI/ML,Job,0,3,1,91,74
74,89,Python,Intern,3,3,1,95,72
69,82,Data Science,Intern,4,4,1,79,61
77,94,MERN,Job,3,3,0,90,83
74,78,AI/ML,Job,0,1,0,74,85
60,54,Python,Intern,7,1,0,63,86
68,77,AI/ML,Intern,7,3,1,84,52
77,89,MERN,Intern,5,1,0,97,58
50,66,Python,Job,7,4,1,83,67
54,72,Python,Job,5,0,0,59,92
59,94,Python,Job,3,4,1,84,84
91,58,Python,Intern,2,4,0,60,83
95,51,AI/ML,Job,6,1,0,60,90
83,81,Python,Job,6,0,0,70,63
85,100,AI/ML,Job,3,1,1,70,53
51,98,Python,Intern,1,2,1,71,78
67,80,Python,Job,1,1,0,94,90
62,56,MERN,Intern,7,1,0,56,94
100,79,AI/ML,Intern,6,1,0,66,99
54,52,AI/ML,Intern,6,0,1,51,64
69,100,Web Development,Job,5,1,0,61,77
51,100,MERN,Job,2,0,0,91,91
60,58,AI/ML,Job,0,3,0,67,65
79,59,MERN,Job,1,2,0,60,61
81,95,MERN,Intern,6,0,1,65,54
81,99,MERN,Intern,5,3,1,98,83
99,96,Data Science,Job,4,0,0,100,91
87,75,AI/ML,Job,5,0,0,67,50
77,50,MERN,Intern,1,2,1,84,88
59,79,Data Science,Job,1,4,1,75,81
71,87,Data Science,Job,5,4,0,65,75
66,64,Python,Intern,0,0,1,55,66
71,74,Python,Job,3,1,1,93,97
92,55,AI/ML,Intern,1,3,0,92,76
68,67,Python,Intern,5,1,1,96,73
66,50,AI/ML,Job,6,1,1,96,84
73,52,Data Science,Intern,5,0,0,97,95
85,66,Data Science,Intern,2,0,0,91,91
81,97,AI/ML,Job,3,0,1,61,88
95,57,Python,Intern,4,0,0,62,75
85,98,Python,Intern,0,4,1,53,98
77,89,AI/ML,Job,7,0,0,88,87
63,66,Web Development,Job,4,4,1,51,72
85,74,Python,Intern,3,4,0,75,71
55,90,MERN,Intern,3,0,1,76,53
58,61,Python,Job,3,2,1,76,98
70,78,Web Development,Job,4,3,1,64,58
61,74,Data Science,Job,6,1,0,57,53
79,100,Data Science,Intern,3,4,0,56,56
80,85,Data Science,Intern,5,3,1,96,72
89,74,Python,Intern,4,2,1,95,51
53,78,Data Science,Job,7,1,0,89,98
80,60,Web Development,Intern,3,1,0,61,73
76,53,Web Development,Job,5,4,0,62,89
74,63,Python,Intern,6,0,0,92,80
54,95,MERN,Intern,2,2,0,66,96
55,87,Python,Job,6,4,0,66,80
54,66,Data Science,Job,7,2,1,85,96
100,51,Python,Intern,3,0,0,70,89
76,57,Web Development,Job,7,0,1,57,97
57,85,Python,Job,4,4,0,54,100
58,59,Python,Intern,1,0,0,75,92
64,56,MERN,Intern,3,3,1,65,83
85,85,Web Development,Intern,1,1,1,85,73
90,65,AI/ML,Intern,5,4,0,77,98
56,63,AI/ML,Intern,2,2,1,78,75
81,65,Web Development,Job,0,3,1,96,65
57,74,AI/ML,Job,7,4,1,61,96
96,90,Data Science,Intern,6,0,1,86,62
100,53,AI/ML,Job,2,0,0,79,64
64,78,Data Science,Intern,3,0,1,72,76
86,55,Web Development,Job,1,0,0,65,53
68,50,AI/ML,Job,6,2,0,63,65
88,88,AI/ML,Intern,1,3,0,59,79
55,50,Data Science,Intern,4,1,0,56,93
68,100,Data Science,Job,1,2,1,94,79
77,89,Python,Job,4,2,1,86,85
66,52,MERN,Job,5,1,0,78,52
91,50,AI/ML,Job,6,1,0,52,71
68,50,MERN,Intern,6,0,0,64,98
80,88,MERN,Intern,0,2,0,85,71
60,70,AI/ML,Intern,3,4,1,96,99
64,94,Data Science,Job,4,1,0,95,99
59,79,Python,Intern,0,1,1,68,98
92,81,Web Development,Job,1,3,0,62,61
72,82,AI/ML,Job,1,4,0,91,70
52,97,AI/ML,Intern,0,4,0,70,53
52,71,Web Development,Intern,6,1,0,86,80
67,79,MERN,Job,1,0,1,76,93
74,95,Python,Intern,7,3,1,78,80
92,53,MERN,Job,5,4,1,69,72
69,72,Web Development,Intern,5,1,0,74,69
78,93,Web Development,Job,7,4,0,55,64
71,74,Python,Job,0,3,1,85,72
99,61,Web Development,Intern,7,3,1,51,77
64,66,Web Development,Job,4,2,0,71,65
88,64,Python,Intern,4,1,0,81,86
59,59,AI/ML,Job,0,3,1,65,70
70,84,MERN,Job,7,2,0,67,64
78,78,AI/ML,Intern,4,2,0,54,66
81,61,AI/ML,Intern,6,4,1,85,99
59,50,MERN,Intern,7,4,0,79,86
62,50,AI/ML,Intern,6,2,1,94,62
96,59,Python,Intern,4,4,0,68,68
72,67,MERN,Intern,5,3,1,72,79
99,96,Data Science,Job,4,0,0,83,94
72,51,AI/ML,Intern,6,3,1,62,67
80,98,Web Development,Job,2,2,1,92,63
53,57,MERN,Job,3,2,1,78,85
98,71,Data Science,Job,1,3,1,85,85
52,71,Web Development,Intern,7,4,0,71,69
70,75,Data Science,Job,2,4,0,96,68
51,75,AI/ML,Job,4,2,1,85,94
53,58,Web Development,Job,5,1,0,58,93
50,70,AI/ML,Intern,0,4,0,88,56
64,80,Web Development,Intern,4,3,0,100,93
82,92,MERN,Intern,5,4,0,68,53
55,55,Python,Intern,3,3,0,87,83
56,63,Python,Job,4,2,1,55,51
68,82,Data Science,Intern,6,4,1,96,54
93,56,Web Development,Job,0,3,1,64,59
50,73,AI/ML,Intern,5,2,1,69,81
88,58,MERN,Job,5,1,0,58,91
68,60,MERN,Job,5,3,0,81,90
94,72,MERN,Job,3,1,1,53,62
75,97,Python,Job,4,1,0,99,88
93,100,AI/ML,Job,3,0,0,67,54
61,51,MERN,Job,7,4,1,54,59
71,64,MERN,Intern,1,3,0,69,59
62,84,Data Science,Job,1,1,1,72,87
77,85,Web Development,Intern,7,0,1,60,76
63,77,Web Development,Job,4,2,0,86,100
71,88,Web Development,Job,6,3,0,71,70
79,93,Data Science,Job,3,1,1,53,57
93,53,Python,Job,0,4,1,78,50
69,59,Data Science,Intern,5,0,0,93,77
93,55,MERN,Job,5,1,1,83,98
76,79,AI/ML,Intern,4,4,1,62,88
87,95,MERN,Job,6,1,1,91,63
91,84,MERN,Job,1,3,0,58,70
90,98,AI/ML,Intern,1,3,1,91,79
83,92,Web Development,Job,5,3,0,80,70
88,59,Data Science,Job,4,0,1,56,98
90,81,Python,Intern,3,3,0,53,58
93,91,MERN,Job,1,4,1,68,66
86,91,MERN,Job,3,1,0,91,54
50,52,Python,Job,6,2,0,79,80
64,75,Data Science,Intern,1,4,0,80,89
81,64,MERN,Job,1,4,1,84,87
57,66,Python,Intern,2,3,1,70,92
82,76,MERN,Job,1,0,1,80,68
67,67,Web Development,Intern,7,1,0,68,85
94,100,Web Development,Job,0,0,1,80,99
78,68,MERN,Intern,7,1,0,81,82
81,61,MERN,Job,4,1,1,51,62
82,73,Web Development,Job,4,0,0,59,63
54,54,MERN,Intern,3,4,0,51,82
67,73,Data Science,Job,7,1,0,51,78
97,76,Data Science,Job,7,0,1,73,92
59,97,AI/ML,Intern,7,1,1,66,98
85,79,Data Science,Intern,6,2,1,81,85
82,64,MERN,Job,1,4,0,65,93
72,96,MERN,Job,0,3,0,65,59
89,87,Python,Job,3,1,1,95,80
54,93,Data Science,Job,7,2,1,88,55
83,83,Web Development,Job,7,3,1,80,50
73,76,Web Development,Job,2,3,0,92,56
66,69,AI/ML,Job,3,1,0,73,76
80,90,Python,Job,7,0,0,50,70
56,81,Web Development,Job,3,1,0,60,77
66,53,AI/ML,Intern,1,2,0,70,65
77,54,Data Science,Job,2,3,1,53,95
87,57,Python,Intern,3,1,0,56,72
71,71,Python,Job,0,0,0,75,69
64,91,MERN,Job,0,1,0,96,87
86,56,Data Science,Intern,4,4,0,99,74
64,71,Python,Job,2,0,0,61,77
99,95,AI/ML,Job,2,2,1,80,54
99,79,Web Development,Job,4,3,0,66,70
74,86,Data Science,Job,3,1,0,82,67
70,65,Data Science,Intern,2,0,0,60,96
87,64,Python,Job,0,4,1,77,55
51,54,Python,Job,0,0,1,81,78
76,52,Python,Intern,7,4,1,50,68
98,72,AI/ML,Job,1,2,0,96,82
81,59,MERN,Intern,2,3,1,77,50
70,54,Python,Job,3,2,0,91,94
53,72,MERN,Job,4,1,0,56,52
93,64,MERN,Intern,4,0,1,51,91
68,67,Data Science,Job,3,4,0,91,70
51,74,Web Development,Job,6,4,0,73,84
75,57,Web Development,Job,5,0,0,53,90
83,80,AI/ML,Job,1,0,1,93,89
63,70,AI/ML,Job,4,1,0,68,52
64,51,Web Development,Intern,2,2,0,75,74
69,71,Web Development,Job,1,4,1,60,94
83,57,Data Science,Intern,2,1,0,89,87
85,72,Data Science,Intern,6,2,0,99,94
68,81,Web Development,Job,0,1,1,92,69
58,57,Python,Intern,1,4,0,60,93
56,53,Python,Job,7,0,0,94,94
79,79,Data Science,Job,4,0,0,52,83
62,68,MERN,Intern,1,2,0,61,70
76,72,Web Development,Intern,1,3,0,52,97
93,67,AI/ML,Job,1,2,1,91,72
84,78,Python,Job,5,3,1,76,55
62,72,MERN,Job,1,1,1,98,100
64,82,Python,Intern,2,1,1,51,62
95,96,MERN,Job,0,4,0,98,98
58,67,Web Development,Job,6,3,0,65,72
94,93,Web Development,Intern,3,4,0,51,58
72,82,Web Development,Job,1,0,0,79,66
85,56,Data Science,Intern,4,3,0,69,51
89,100,MERN,Intern,1,2,1,87,68
52,77,AI/ML,Intern,4,0,1,77,68
83,50,AI/ML,Job,2,0,0,74,56
68,88,Web Development,Job,4,2,0,81,91
77,83,AI/ML,Intern,7,0,0,59,91
72,88,Python,Job,3,3,1,91,69
89,68,MERN,Job,0,4,0,89,58
98,80,MERN,Job,4,0,0,82,66
94,62,MERN,Job,4,3,0,62,76
56,73,Python,Intern,0,1,1,90,96
90,54,Data Science,Job,3,3,0,91,51
61,72,Python,Job,1,4,1,96,85
63,68,MERN,Intern,4,3,1,86,68
95,50,MERN,Job,0,2,1,65,66
64,82,MERN,Job,7,4,1,94,54
52,99,AI/ML,Job,7,1,1,71,88
64,82,Data Science,Job,2,2,1,69,67
100,81,Python,Job,0,3,0,99,56
73,77,MERN,Job,2,4,0,92,66
95,86,Web Development,Job,7,1,0,76,88
57,90,Data Science,Job,3,2,1,90,85
54,61,Web Development,Job,1,1,0,65,89
100,58,Data Science,Job,0,3,1,83,94
53,99,MERN,Intern,6,1,1,81,53
63,60,Data Science,Intern,7,0,1,75,87
65,82,Data Science,Job,7,2,0,74,74
69,68,MERN,Intern,6,1,1,51,54
73,91,Web Development,Intern,5,3,1,61,79
55,83,Web Development,Job,7,3,0,89,61
80,56,AI/ML,Job,4,1,0,58,53
55,80,Web Development,Job,3,3,1,61,73
84,51,Web Development,Job,0,4,1,75,78
64,68,Data Science,Job,6,4,0,58,58
78,87,AI/ML,Job,4,4,0,59,53
52,81,MERN,Intern,6,0,0,81,100
60,59,MERN,Job,0,1,1,83,73
52,90,Python,Job,2,0,0,97,63
77,57,AI/ML,Intern,0,3,0,69,54
59,75,Data Science,Intern,5,0,0,88,67
99,79,Python,Intern,0,3,1,51,91
82,60,Python,Job,0,3,0,50,68
97,90,MERN,Intern,5,2,0,100,61
65,69,Web Development,Intern,3,4,0,85,67
59,69,Data Science,Intern,7,3,0,73,66
82,58,AI/ML,Job,0,2,0,76,79
85,57,Python,Intern,5,4,1,51,73
52,64,Data Science,Job,4,3,1,80,60
54,83,MERN,Job,2,3,1,63,84
61,73,Python,Job,2,0,0,51,72
93,82,Python,Job,0,0,1,78,66
62,90,MERN,Intern,3,4,1,64,50
73,90,MERN,Job,3,3,1,61,64
93,94,MERN,Job,4,1,0,86,81
81,89,Data Science,Job,0,0,0,77,58
65,76,Data Science,Intern,2,4,1,69,64
81,70,Data Science,Job,3,3,1,88,77
94,54,Web Development,Intern,0,3,0,73,73
86,84,Python,Intern,6,1,0,70,84
85,70,Data Science,Job,3,4,1,59,71
70,53,Web Development,Job,5,3,0,95,76
96,98,Python,Intern,6,0,1,63,68
61,97,Data Science,Intern,7,1,0,86,94
100,65,MERN,Job,3,4,1,67,61
70,80,AI/ML,Job,2,1,1,73,69
100,75,Data Science,Intern,1,0,0,63,50
70,84,AI/ML,Job,6,4,1,83,70
92,55,Data Science,Job,7,1,1,61,98
55,82,MERN,Intern,4,2,1,71,94
58,70,AI/ML,Job,4,0,0,55,50
50,65,Web Development,Job,2,0,0,85,59
61,96,MERN,Intern,3,0,0,94,96
63,88,AI/ML,Job,0,2,1,85,81
55,83,AI/ML,Job,3,2,0,71,88
50,91,MERN,Job,2,3,1,63,71
71,64,MERN,Job,4,1,1,65,67
83,55,MERN,Job,3,3,0,85,97
60,51,Python,Intern,4,1,0,74,95
52,73,Web Development,Job,6,2,1,81,81
91,98,Data Science,Intern,7,2,1,82,76
55,77,AI/ML,Job,0,3,0,94,77
55,50,Data Science,Intern,6,4,0,85,67
69,50,MERN,Job,4,3,0,69,88
70,77,Web Development,Job,4,1,1,67,98
51,85,Web Development,Intern,1,3,1,87,78
75,69,Python,Intern,1,0,1,52,67
80,97,MERN,Job,6,1,1,72,93
75,57,AI/ML,Job,5,1,1,81,57
81,50,Python,Intern,6,4,0,94,80
59,75,MERN,Intern,1,2,0,65,83
72,100,Python,Intern,4,1,1,54,56
55,92,Data Science,Job,2,2,1,53,85
72,98,MERN,Job,6,3,0,70,67
77,74,AI/ML,Intern,4,0,0,89,87
98,59,AI/ML,Intern,2,4,0,100,58
79,61,MERN,Intern,2,2,0,63,58
63,90,Python,Intern,1,1,1,88,95
86,56,Web Development,Intern,6,2,0,80,57
81,61,MERN,Job,3,1,1,63,100
98,96,AI/ML,Intern,0,2,0,55,84
83,89,Data Science,Job,1,1,0,61,67
90,66,AI/ML,Job,1,3,0,65,54
93,54,Web Development,Job,3,1,1,66,63
100,63,AI/ML,Intern,0,1,1,94,77
71,83,Web Development,Intern,4,0,0,72,79
80,97,MERN,Job,5,1,1,63,53
56,66,AI/ML,Job,6,0,1,56,88
90,84,Python,Job,5,4,0,95,69
70,50,Python,Job,4,0,0,81,74
65,99,AI/ML,Job,7,3,1,64,77
69,99,AI/ML,Intern,1,0,1,93,61
92,85,Data Science,Job,0,4,1,66,51
93,64,AI/ML,Intern,1,3,0,90,92
96,68,Data Science,Job,2,2,0,96,63
99,100,Data Science,Job,1,2,1,93,71
68,91,Data Science,Intern,1,0,0,83,80
97,54,Data Science,Intern,4,0,0,54,72
81,68,MERN,Job,4,4,1,94,97
64,92,Python,Job,4,4,1,76,69
54,88,Data Science,Job,5,1,0,72,87
60,54,Python,Job,2,4,0,89,53
64,61,Data Science,Job,7,1,1,63,64
78,68,Python,Intern,7,3,0,64,73
99,96,AI/ML,Job,4,0,0,92,74
94,61,AI/ML,Job,0,3,1,82,50
53,85,Python,Intern,5,4,1,80,56
98,61,Data Science,Job,3,3,0,84,80
85,67,MERN,Intern,0,3,0,66,61
97,98,Python,Job,6,3,0,77,91
72,100,Web Development,Intern,6,4,1,68,54
64,97,MERN,Job,0,3,0,95,93
95,92,Web Development,Job,4,1,0,72,99
93,83,Python,Intern,3,4,1,81,91
52,97,Data Science,Job,3,3,1,89,87
81,82,Web Development,Job,5,4,0,62,61
59,98,Python,Job,3,2,1,69,88
89,67,MERN,Job,6,1,1,84,67
87,78,Data Science,Intern,2,3,0,54,51
71,94,Web Development,Intern,4,2,1,58,59
63,54,Python,Job,3,2,1,78,64
66,74,Data Science,Job,5,4,0,55,79
70,73,Data Science,Job,6,2,1,74,93
100,78,AI/ML,Job,2,1,0,80,66
97,87,Data Science,Job,1,1,0,71,53
64,82,Python,Job,1,0,1,51,56
64,59,MERN,Job,2,1,1,94,90
50,86,AI/ML,Intern,6,2,1,54,80
73,82,Python,Intern,5,1,0,76,100
61,72,Python,Intern,2,4,1,74,88
59,60,Python,Job,4,0,0,57,83
95,73,Web Development,Intern,4,2,1,50,55
91,73,Web Development,Job,1,0,1,69,99
91,56,MERN,Job,3,2,1,93,87
80,99,Python,Intern,5,4,0,72,94
60,70,Web Development,Job,1,0,1,81,100
65,69,Web Development,Job,3,3,1,60,83
58,59,Web Development,Job,3,2,0,88,93
96,74,MERN,Job,7,3,0,96,64
63,96,MERN,Job,4,0,1,73,63
68,85,Python,Job,6,3,1,60,55
80,97,AI/ML,Intern,0,3,1,78,99
58,96,Python,Intern,6,0,0,75,86
85,64,Web Development,Job,0,4,0,65,99
88,93,Web Development,Job,2,3,0,84,81
75,89,Data Science,Job,4,3,0,69,52
57,89,Python,Job,3,4,1,95,52
73,99,Web Development,Job,5,3,0,52,71
57,55,Web Development,Job,0,3,0,50,71
68,86,AI/ML,Intern,6,3,0,96,59
96,51,Data Science,Job,3,1,1,50,100
97,61,Python,Job,0,4,1,66,52
79,53,MERN,Intern,0,3,0,51,61
71,72,Python,Job,7,4,0,78,78
58,62,Python,Job,0,2,1,69,97
93,66,AI/ML,Job,5,2,1,55,66
97,80,Python,Intern,4,3,1,57,56
53,65,AI/ML,Job,5,4,1,78,62
86,90,AI/ML,Job,1,4,1,97,51
57,75,Web Development,Intern,3,4,1,100,53
50,77,MERN,Job,4,1,1,82,59
77,50,AI/ML,Job,7,2,1,52,88
55,96,Data Science,Job,4,4,0,84,73
96,61,Data Science,Job,4,4,0,54,66
85,86,MERN,Job,6,1,0,76,55
60,99,AI/ML,Job,4,1,0,93,68
54,69,MERN,Job,7,4,0,61,54
99,51,Web Development,Job,5,0,0,69,81
73,85,Data Science,Intern,4,4,1,94,59
96,64,Python,Job,2,4,1,69,58
67,87,Data Science,Intern,3,1,0,58,76
69,71,AI/ML,Job,4,1,0,88,62
77,93,MERN,Intern,3,4,1,53,68
62,99,Data Science,Job,2,4,1,100,70
54,81,Python,Job,2,4,1,68,73
79,69,Python,Job,3,1,0,87,87
50,85,MERN,Intern,0,4,1,76,53
71,82,MERN,Job,1,4,0,94,73
67,64,Data Science,Job,6,3,0,92,84
95,99,AI/ML,Job,0,0,1,62,52
54,95,Web Development,Job,0,2,1,62,53
80,52,Python,Job,5,0,0,71,86
55,78,MERN,Intern,6,3,1,77,89
76,96,Web Development,Intern,6,2,1,96,97
74,76,Web Development,Intern,0,4,0,94,84
78,54,Web Development,Intern,4,3,1,71,80
77,80,AI/ML,Job,5,4,0,92,93
65,71,MERN,Job,5,1,0,68,74
61,84,Python,Intern,2,3,1,57,89
69,56,MERN,Job,7,1,0,57,62
67,55,Data Science,Job,6,3,0,91,53
83,75,Python,Job,0,3,1,75,95
72,50,MERN,Intern,2,1,1,97,63
94,68,Python,Intern,3,2,1,100,62
76,56,Data Science,Intern,1,0,0,75,76
98,85,Python,Job,7,4,0,72,55
66,61,Web Development,Job,7,3,1,92,66
97,69,AI/ML,Intern,7,4,0,62,85
70,72,Data Science,Job,5,1,1,77,89
99,74,Python,Intern,3,4,1,58,98
89,79,Data Science,Job,7,1,0,69,84
80,78,Web Development,Intern,3,4,1,68,66
52,80,AI/ML,Job,4,0,0,97,90
66,67,Data Science,Job,7,0,0,88,51
99,90,Web Development,Intern,1,0,1,100,62
75,68,Web Development,Intern,3,0,0,61,51
72,53,Web Development,Job,3,0,1,64,77
55,50,Python,Intern,1,0,0,80,92
77,90,MERN,Job,7,1,0,63,75
57,64,Data Science,Job,1,3,0,60,71
94,57,MERN,Intern,3,4,1,75,96
57,64,Web Development,Job,1,0,0,91,92
68,64,MERN,Intern,3,1,1,76,52
87,99,Web Development,Job,3,1,0,60,84
78,88,Web Development,Job,4,1,0,87,61
72,71,AI/ML,Job,0,3,1,83,73
96,67,AI/ML,Job,3,4,1,92,54
81,65,MERN,Job,7,3,1,68,69
59,51,Data Science,Intern,2,2,1,55,88
76,85,MERN,Intern,5,1,1,95,88
98,69,Data Science,Intern,6,2,0,87,62
50,65,MERN,Job,0,0,0,98,90
88,52,Python,Job,0,0,1,91,94
78,79,Python,Job,0,3,0,77,61
94,51,Data Science,Job,4,4,0,50,62
52,84,AI/ML,Job,3,2,0,84,59
100,75,Data Science,Job,4,4,1,89,82
96,54,MERN,Intern,3,3,0,57,89
86,51,Web Development,Job,7,0,0,96,65
80,100,Python,Intern,4,4,0,56,94
60,69,Web Development,Job,4,4,1,60,84
71,83,Python,Intern,5,0,0,88,52
67,83,MERN,Intern,2,2,0,53,54
84,69,Python,Job,4,0,1,74,75
55,99,Data Science,Job,5,4,1,61,60
52,74,Web Development,Intern,1,2,0,75,56
54,69,Web Development,Intern,2,2,0,87,59
58,74,MERN,Job,7,0,1,95,91
77,63,Web Development,Job,4,4,1,61,83
68,96,MERN,Job,6,3,1,92,52
77,93,AI/ML,Intern,0,4,1,100,57
76,92,Data Science,Job,1,1,1,86,80
62,92,Python,Job,1,3,1,95,60
87,88,Python,Job,7,2,1,73,94
92,61,Python,Job,5,3,0,65,56
70,97,AI/ML,Job,1,2,1,62,94
76,54,Data Science,Job,2,2,1,74,51
95,51,Web Development,Job,4,3,0,53,55
55,65,Web Development,Job,4,2,1,60,90
87,79,Data Science,Job,6,2,1,81,81
98,96,Data Science,Job,7,1,0,98,69
60,92,Python,Job,0,4,1,56,83
96,87,Web Development,Job,5,4,0,95,99
90,94,Data Science,Intern,0,1,0,60,65
66,100,Web Development,Job,1,3,0,77,74
88,91,Data Science,Job,7,0,0,90,61
56,73,MERN,Job,6,0,1,72,56
79,100,Python,Intern,0,0,0,94,88
70,79,Data Science,Intern,2,1,0,72,66
50,86,AI/ML,Intern,4,1,1,99,94
74,88,Data Science,Intern,1,2,0,77,60
81,60,MERN,Intern,6,0,0,92,55
57,63,AI/ML,Intern,0,3,0,96,72
54,72,AI/ML,Job,5,3,0,75,76
79,65,Data Science,Job,2,0,1,74,95
100,99,MERN,Job,2,0,0,78,55
57,70,AI/ML,Job,0,0,1,68,87
98,53,Python,Intern,4,1,1,82,51
68,82,Python,Intern,0,1,0,85,71
93,96,Web Development,Job,1,1,0,63,69
79,63,Web Development,Job,0,4,0,63,74
64,68,MERN,Job,2,3,0,84,64
85,54,AI/ML,Job,6,3,1,79,98
93,85,Python,Job,0,2,1,77,78
76,80,Python,Intern,4,1,1,66,57
62,94,MERN,Job,7,4,0,52,86
63,67,AI/ML,Job,6,4,1,65,98
86,93,MERN,Job,5,3,0,95,82
97,80,Data Science,Job,3,1,0,79,71
79,79,Python,Job,0,2,0,78,99
88,70,MERN,Intern,4,1,0,94,96
96,96,MERN,Job,6,0,0,64,54
62,79,Data Science,Job,4,1,1,95,88
65,90,Web Development,Intern,5,0,1,74,67
93,53,Python,Job,2,0,0,100,87
56,54,MERN,Job,4,2,1,87,86
97,90,Python,Job,6,3,0,91,79
76,94,Web Development,Job,4,1,0,96,100
94,59,MERN,Intern,4,0,0,87,80
84,76,Data Science,Job,4,1,1,72,59
64,65,Python,Job,1,3,0,74,64
77,79,Data Science,Intern,1,3,0,91,91
84,62,Web Development,Job,2,4,1,56,97
56,85,Web Development,Job,0,3,1,71,93
99,70,Python,Job,4,2,1,66,67
95,94,Web Development,Intern,5,0,0,67,72
99,89,AI/ML,Intern,0,4,0,98,82
100,94,Python,Job,5,2,1,90,65
95,64,AI/ML,Intern,0,1,0,59,87
69,69,Web Development,Intern,2,0,1,59,84
81,69,Python,Intern,4,3,1,56,83
87,94,AI/ML,Intern,4,0,0,97,77
89,54,Web Development,Job,3,1,0,99,51
81,81,MERN,Job,5,4,1,87,79
75,55,MERN,Job,0,4,1,76,62
88,79,Data Science,Intern,0,4,1,82,90
69,75,MERN,Job,7,3,1,50,65
67,86,AI/ML,Job,7,2,0,93,54
99,62,MERN,Intern,1,2,1,83,77
64,78,Python,Intern,3,0,1,53,88
71,54,Python,Job,6,3,1,66,94
100,74,Python,Intern,7,4,0,53,69
71,62,MERN,Intern,6,4,0,92,73
70,73,MERN,Job,1,1,1,75,76
51,80,Data Science,Job,1,1,0,53,79
89,69,Web Development,Intern,1,4,0,50,94
92,57,Data Science,Intern,5,4,0,56,76
67,58,AI/ML,Intern,5,3,1,79,75
72,70,Python,Intern,2,2,1,99,56
62,100,MERN,Job,2,1,0,58,91
90,69,Web Development,Intern,1,2,1,84,96
58,64,Web Development,Job,3,3,1,57,87
98,75,MERN,Job,0,4,0,73,54
56,91,Data Science,Job,5,2,0,68,72
90,60,Web Development,Intern,3,4,1,85,77
50,86,Data Science,Job,4,4,0,99,83
51,90,MERN,Job,5,0,1,92,64
53,60,Data Science,Job,5,2,1,76,81
63,76,Python,Job,2,2,0,81,75
81,79,MERN,Intern,0,4,1,63,97
85,68,MERN,Job,0,3,1,67,80
51,83,Web Development,Job,7,0,0,77,68
89,87,Web Development,Job,6,4,0,78,58
99,72,Web Development,Intern,6,1,0,65,78
100,50,Python,Job,6,1,1,84,100
63,52,Python,Job,6,0,0,96,88
69,52,AI/ML,Job,4,3,0,80,53
74,77,MERN,Job,4,4,0,53,52
91,63,Web Development,Intern,5,2,0,86,78
98,79,MERN,Job,1,0,1,66,60
57,54,Data Science,Intern,2,3,1,88,82
77,98,Python,Job,2,2,0,97,87
95,64,AI/ML,Job,6,1,1,95,60
70,87,Data Science,Job,5,1,0,75,76
72,63,MERN,Intern,7,2,0,97,82
81,63,Python,Job,3,0,1,88,70
57,98,Web Development,Job,1,1,1,90,88
80,57,Data Science,Job,5,4,0,53,80
86,57,Python,Job,1,2,0,79,87
65,68,MERN,Job,1,2,1,79,95
89,81,MERN,Job,1,1,0,71,51
91,80,Data Science,Intern,5,0,1,60,76
76,78,Data Science,Job,6,4,0,51,85
89,90,Data Science,Job,2,0,0,93,60
90,60,AI/ML,Job,2,3,1,61,96
67,94,Web Development,Job,6,3,1,79,67
84,62,Python,Job,1,1,1,85,50
98,76,MERN,Intern,3,1,1,67,84
64,68,MERN,Job,0,1,1,75,84
76,75,Web Development,Intern,5,3,1,56,80
66,100,Data Science,Intern,0,0,1,50,77
89,86,Data Science,Job,7,0,0,75,88
51,97,MERN,Job,6,1,0,72,50
98,58,Web Development,Job,3,4,0,75,74
99,77,MERN,Intern,5,0,1,94,92
80,81,Data Science,Job,6,3,1,55,87
86,52,Python,Intern,1,2,1,55,69
90,100,Data Science,Intern,2,2,0,93,52
90,81,Python,Job,0,2,1,57,100
83,54,AI/ML,Intern,4,4,1,73,51
83,57,Web Development,Job,4,1,0,71,67
100,63,AI/ML,Intern,3,3,1,68,93
52,52,Data Science,Job,1,4,0,86,59
66,73,Web Development,Intern,7,3,0,67,54
63,62,Data Science,Job,0,3,1,80,58
63,92,Web Development,Intern,1,1,1,86,51
95,78,Web Development,Intern,0,2,1,79,83
87,57,Data Science,Job,3,1,0,91,87
84,100,Data Science,Intern,3,4,0,82,80
50,91,Web Development,Job,7,4,0,59,59
97,80,Web Development,Intern,4,4,1,86,99
78,75,Data Science,Job,1,1,1,61,61
53,67,Data Science,Job,5,3,1,79,85
82,67,MERN,Job,4,3,1,76,70
66,56,MERN,Intern,1,0,0,88,98
77,97,MERN,Job,4,4,0,58,96
99,87,AI/ML,Intern,5,3,0,70,55
75,97,Web Development,Job,2,0,0,61,97
57,65,Python,Intern,2,3,1,78,98
83,82,AI/ML,Job,7,4,1,82,52
67,100,Web Development,Intern,2,2,1,92,59
80,52,Python,Job,2,4,0,64,54
76,87,MERN,Intern,6,1,0,51,95
65,53,Python,Job,0,3,1,88,75
59,85,Data Science,Job,6,3,1,93,70
89,53,Data Science,Intern,6,1,0,67,94
61,91,Web Development,Intern,7,1,1,52,75
71,58,AI/ML,Intern,6,2,0,56,87
65,89,MERN,Job,2,3,0,92,93
61,100,Web Development,Job,5,3,0,67,75
60,66,MERN,Job,7,2,1,93,57
69,66,Data Science,Job,7,0,1,87,54
100,82,AI/ML,Intern,3,2,0,86,64
50,69,AI/ML,Intern,7,4,1,82,65
76,63,Data Science,Intern,3,3,0,93,50
52,71,Python,Job,7,1,0,80,65
61,76,AI/ML,Job,0,4,0,60,86
79,92,Python,Job,2,3,0,53,52
58,52,MERN,Job,7,2,1,67,96
86,73,AI/ML,Job,2,4,0,53,80
50,79,Data Science,Job,2,3,0,98,62
91,57,Python,Job,4,0,1,83,65
98,71,MERN,Intern,7,0,0,78,92
53,74,MERN,Job,1,1,0,73,70
64,59,AI/ML,Job,4,3,1,71,51
100,98,AI/ML,Job,1,0,1,51,76
76,78,Web Development,Job,2,2,1,93,87
57,89,Web Development,Job,2,3,0,55,75
72,50,AI/ML,Intern,4,2,1,91,87
64,70,Web Development,Intern,4,2,1,74,95
76,88,Data Science,Job,1,0,0,70,74
80,73,Data Science,Job,3,3,0,65,60
88,58,Web Development,Job,1,4,0,80,57
96,93,AI/ML,Job,4,0,0,63,57
57,75,Data Science,Intern,5,0,0,88,82
79,58,MERN,Intern,4,3,1,77,56
91,69,AI/ML,Intern,5,3,1,81,87
67,84,Python,Intern,0,2,1,77,70
53,85,Python,Intern,4,3,0,100,57
96,91,AI/ML,Job,0,2,0,98,100
92,85,Web Development,Job,3,0,0,58,70
71,58,Data Science,Job,1,1,1,94,69
52,71,Data Science,Job,5,4,1,71,57
64,50,AI/ML,Intern,1,0,0,81,95
84,54,MERN,Job,0,3,1,54,80
96,58,Web Development,Job,5,4,0,72,99
87,86,MERN,Intern,1,1,1,54,78
82,87,AI/ML,Intern,4,1,1,91,97
63,68,AI/ML,Intern,2,2,1,81,58
97,57,MERN,Job,0,4,0,59,64
50,91,Python,Intern,1,2,1,88,79
98,92,AI/ML,Intern,0,0,1,64,75
75,81,Web Development,Job,6,4,0,56,59
57,62,MERN,Intern,0,0,1,78,78
99,69,Python,Intern,5,2,0,96,65
65,85,MERN,Intern,6,4,0,52,85
87,92,Python,Job,7,2,0,68,69
59,93,Python,Job,5,4,0,59,94
91,86,Web Development,Job,2,2,0,77,86
86,79,AI/ML,Job,6,1,1,78,71
75,59,Python,Intern,7,2,0,64,56
77,80,AI/ML,Intern,4,1,0,84,72
61,74,Web Development,Job,0,2,0,55,90
69,78,AI/ML,Intern,1,4,0,61,89
98,73,Data Science,Job,3,4,1,96,78
63,88,Python,Job,0,4,0,87,65
95,70,Web Development,Job,7,3,1,62,87
84,90,MERN,Intern,0,0,0,78,77
78,58,Web Development,Job,2,4,1,68,97
61,91,Python,Intern,4,1,0,52,87
67,91,Web Development,Job,3,4,0,57,80
93,51,MERN,Intern,6,3,1,57,63
51,53,Data Science,Intern,6,1,0,69,82
51,57,Python,Job,6,3,1,96,58
66,81,Python,Job,7,1,0,53,76
59,63,Web Development,Job,5,2,1,100,73
67,98,AI/ML,Intern,5,0,0,70,62
71,62,AI/ML,Intern,1,0,0,52,75
68,70,MERN,Job,3,3,1,94,78
50,73,Data Science,Job,6,0,0,57,100
73,99,Data Science,Job,5,3,0,72,98
85,67,Web Development,Intern,7,3,0,65,92
74,94,Web Development,Intern,1,3,0,62,77
85,89,AI/ML,Job,4,0,0,52,77
80,75,Data Science,Job,1,3,0,97,57
80,81,Data Science,Intern,5,0,1,58,72
51,93,Data Science,Intern,2,3,1,63,78
68,82,MERN,Intern,7,4,1,62,54
61,80,MERN,Job,2,3,0,56,91
59,67,Web Development,Job,6,1,1,64,56
80,84,AI/ML,Job,2,3,0,56,91
94,61,Python,Intern,6,2,0,87,85
71,100,AI/ML,Job,6,3,0,83,90
72,74,MERN,Intern,5,1,0,90,76
72,94,MERN,Intern,2,1,1,71,95
64,80,Web Development,Job,6,0,0,73,51
75,59,Python,Job,3,4,1,98,74
52,96,Data Science,Intern,4,3,0,86,58
72,83,Python,Job,1,0,1,93,76
69,100,Python,Job,1,4,1,50,50
94,52,Python,Intern,5,3,1,59,72
89,95,Web Development,Job,2,2,1,92,59
88,88,MERN,Intern,2,3,1,65,91
57,57,Data Science,Job,6,1,1,95,74
67,81,Python,Job,7,1,0,57,52
90,92,Data Science,Intern,0,2,1,98,55
55,78,Python,Job,6,0,0,74,55
76,71,MERN,Job,4,4,1,99,51
85,69,Data Science,Intern,3,3,0,61,67
64,55,AI/ML,Job,1,1,1,74,72
86,92,MERN,Job,6,0,1,66,51
54,98,Data Science,Job,0,2,0,75,61
88,78,Python,Job,0,1,1,95,71
58,91,Python,Job,6,2,1,97,86
56,66,MERN,Intern,5,3,1,63,69
90,80,MERN,Job,1,4,0,90,88
69,83,Python,Job,5,1,1,85,73
59,87,Data Science,Job,3,1,0,72,97
75,86,AI/ML,Job,0,3,1,92,69
53,53,Web Development,Job,0,0,1,55,50
87,51,MERN,Job,4,4,0,96,50
73,61,Python,Job,3,1,1,54,66
63,84,Data Science,Intern,0,4,1,92,50
90,55,MERN,Job,3,1,0,74,94
50,95,Data Science,Job,1,4,1,67,79
66,57,MERN,Job,2,2,0,62,90
94,70,Python,Job,0,1,0,92,96
73,95,Data Science,Intern,4,4,0,63,52
76,84,Python,Job,1,0,1,77,95
56,97,Data Science,Intern,6,2,0,67,60
58,64,MERN,Job,3,2,0,77,73
92,56,Web Development,Job,6,0,1,100,71
84,64,Web Development,Intern,5,4,0,76,93
61,94,AI/ML,Job,1,3,1,81,94
70,55,AI/ML,Intern,6,0,1,96,75
52,96,Python,Intern,7,4,1,58,62
64,66,Data Science,Job,7,0,1,89,50
70,53,AI/ML,Job,0,0,0,81,73
59,71,MERN,Intern,3,1,0,69,59
82,81,Web Development,Job,2,4,0,77,84
95,71,Data Science,Job,1,3,0,82,73
55,76,Web Development,Job,0,1,0,53,77
51,95,Data Science,Job,4,0,1,95,85
78,64,AI/ML,Job,5,0,0,83,65
89,93,AI/ML,Intern,3,0,0,97,89
82,100,Python,Intern,1,4,0,52,65
53,71,Data Science,Job,7,4,1,75,66
53,77,MERN,Job,1,1,1,57,100
78,91,AI/ML,Job,2,3,0,55,64
86,87,Python,Intern,7,1,1,65,65
69,58,AI/ML,Intern,2,2,0,73,64
90,83,Web Development,Job,4,0,0,97,83
72,85,AI/ML,Job,5,0,1,88,60
94,58,Data Science,Job,4,0,1,79,50
67,64,Python,Intern,0,1,0,94,64
98,94,Data Science,Intern,0,1,0,62,75
74,69,MERN,Job,4,0,1,54,100
50,57,MERN,Intern,5,1,0,74,53
64,77,AI/ML,Job,4,4,1,69,92
83,100,Python,Intern,5,4,0,67,54
97,68,Python,Job,5,1,1,96,84
69,65,Python,Job,6,0,0,67,62
86,60,Python,Intern,7,1,0,51,59
76,91,AI/ML,Intern,3,1,1,59,60
71,57,Data Science,Intern,5,1,0,94,67
100,82,AI/ML,Job,2,2,0,99,83
54,59,Data Science,Job,5,4,1,96,88
83,67,Web Development,Job,5,3,0,61,90
88,84,Web Development,Intern,5,3,0,96,91
52,92,Data Science,Intern,6,2,0,62,99
66,99,AI/ML,Intern,7,1,1,99,72
73,52,MERN,Job,6,2,1,96,56
73,89,AI/ML,Job,0,2,1,60,88
52,76,MERN,Job,6,0,0,68,52
94,77,AI/ML,Intern,2,4,0,84,61
56,95,Python,Job,2,3,0,88,56
74,55,Python,Job,6,1,0,75,98
52,96,Web Development,Job,7,3,1,95,75
64,63,Web Development,Job,4,3,0,63,82
78,56,Data Science,Job,3,4,0,94,86
99,59,MERN,Intern,7,3,0,93,97
78,64,Python,Job,6,3,1,73,64
59,80,AI/ML,Intern,5,2,0,90,51
81,78,Data Science,Job,1,4,0,50,90
72,91,AI/ML,Job,3,0,0,100,56
88,66,Python,Job,3,1,0,92,81
58,100,Python,Job,2,3,0,71,53
86,78,Python,Intern,3,1,1,72,69
89,98,Python,Intern,6,0,0,68,99
63,93,AI/ML,Intern,5,1,0,67,85
53,64,Data Science,Job,5,0,0,61,81
69,75,Python,Job,0,2,0,77,77
77,61,Web Development,Intern,5,3,0,77,62
63,74,Data Science,Intern,7,0,0,82,50
93,90,Web Development,Job,5,1,0,68,84
83,54,AI/ML,Intern,2,3,0,77,97
62,53,Python,Job,5,2,0,98,79
80,93,Data Science,Job,0,3,0,86,85
82,97,Python,Intern,1,0,1,75,74
88,90,Python,Job,6,2,1,84,65
77,80,Data Science,Intern,2,1,1,83,68
74,52,Python,Intern,7,2,1,84,50
81,52,Python,Job,1,2,0,89,54
58,75,MERN,Intern,2,4,1,65,100
77,99,MERN,Job,4,2,1,87,71
80,66,Data Science,Intern,3,2,0,62,73
66,59,Data Science,Intern,4,3,1,72,92
72,51,Python,Job,5,1,1,71,94
62,73,Web Development,Job,1,3,0,65,86
59,60,Data Science,Job,5,3,0,77,85
65,73,Python,Job,3,0,0,97,85
55,84,Web Development,Intern,2,3,1,84,53
97,72,MERN,Intern,3,4,1,94,85
60,81,Data Science,Intern,0,4,0,95,67
52,72,Python,Job,3,0,0,57,99
77,83,MERN,Job,0,1,1,93,65
90,90,AI/ML,Job,3,1,0,71,90
64,68,MERN,Job,6,3,1,70,67
62,51,Python,Job,0,3,0,75,71
91,100,Web Development,Intern,1,3,0,89,51
94,51,AI/ML,Job,5,1,1,70,70
66,64,AI/ML,Job,7,2,0,74,85
56,70,AI/ML,Job,5,4,0,90,93
77,84,Data Science,Job,4,2,0,50,88
87,54,Python,Intern,5,2,1,55,96
62,92,AI/ML,Intern,2,1,0,72,88
66,76,MERN,Job,6,2,0,100,78
64,73,Web Development,Job,3,0,0,72,75
85,56,Python,Job,4,3,0,92,70
77,55,MERN,Intern,2,0,0,92,66
64,95,Data Science,Job,2,4,0,72,65
95,82,AI/ML,Job,0,3,1,81,80
60,98,MERN,Job,5,2,1,79,100
80,66,Python,Intern,1,4,0,62,58
53,95,MERN,Intern,7,3,1,92,80
84,91,Data Science,Intern,1,2,1,67,63
83,79,Web Development,Intern,4,0,0,72,98
76,57,AI/ML,Job,6,3,1,64,86
59,89,Python,Intern,1,2,1,82,51
79,95,AI/ML,Intern,3,0,1,70,97
94,56,AI/ML,Intern,1,4,1,88,95
69,55,AI/ML,Intern,4,4,1,72,63
78,53,MERN,Job,7,4,1,76,82
78,50,MERN,Job,1,4,1,94,84
72,64,Web Development,Intern,3,1,1,93,88
99,80,Data Science,Job,0,3,0,67,96
70,74,Python,Job,6,3,0,73,100
97,96,MERN,Job,4,1,1,100,69
92,82,AI/ML,Intern,0,2,1,96,51
59,84,Data Science,Intern,0,2,0,89,100
90,54,Python,Job,0,4,1,100,90
61,54,Python,Intern,2,0,1,91,68
79,85,Python,Intern,6,2,0,56,86
100,66,Python,Intern,7,0,0,99,67
82,63,Web Development,Intern,5,3,0,97,65
67,78,Python,Intern,6,0,1,69,53
63,57,Data Science,Intern,2,3,1,76,61
71,83,MERN,Job,5,1,0,55,78
70,89,Data Science,Intern,6,1,0,76,56
50,50,AI/ML,Intern,0,4,1,58,63
98,78,Web Development,Job,4,2,0,94,61
92,85,Web Development,Job,5,4,1,80,84
64,100,AI/ML,Intern,3,3,1,70,54
85,86,Data Science,Intern,3,4,0,75,66
96,78,Data Science,Intern,1,0,0,89,91
71,54,AI/ML,Intern,5,3,1,97,81
81,81,Python,Intern,4,1,0,94,59
95,73,Python,Intern,7,2,0,62,92
82,68,MERN,Job,2,3,0,98,66
90,61,Data Science,Intern,0,3,0,72,54
88,50,Data Science,Job,1,0,1,69,94
72,56,AI/ML,Job,3,2,1,86,91
92,66,AI/ML,Job,2,1,1,77,58
51,83,Python,Job,2,3,1,66,98
51,92,Data Science,Job,0,3,0,77,82
87,56,Data Science,Job,7,0,0,90,85
100,66,Web Development,Intern,7,4,1,51,85
78,52,MERN,Intern,5,1,1,74,67
95,78,MERN,Job,3,2,0,99,58
52,71,Python,Job,7,3,1,90,78
88,87,Data Science,Intern,4,3,1,55,99
56,92,Web Development,Job,7,1,0,60,63
85,78,Data Science,Job,2,4,1,87,74
78,99,AI/ML,Intern,0,3,0,55,64
86,99,Python,Intern,4,1,0,94,55
98,91,MERN,Job,5,0,1,60,91
85,54,Data Science,Intern,3,4,0,63,78
72,79,Python,Job,5,2,1,51,64
94,72,MERN,Job,2,3,0,89,78
65,70,Data Science,Job,4,1,1,52,53
97,75,Web Development,Job,4,0,1,84,67
80,96,Python,Intern,4,2,1,82,99
83,70,Data Science,Job,2,1,0,73,98
99,69,MERN,Job,2,1,0,68,93
50,72,MERN,Job,5,2,1,67,88
67,53,Web Development,Job,1,0,0,98,65
89,70,Python,Job,5,0,1,73,60
92,70,Python,Intern,3,4,1,94,63
64,50,Data Science,Intern,0,3,0,84,52
97,64,MERN,Intern,4,2,1,50,100
98,66,MERN,Job,1,2,0,85,99
66,100,Web Development,Job,0,2,1,74,91
93,63,Web Development,Intern,1,0,0,94,87
59,68,Python,Job,7,3,1,98,94
69,99,MERN,Job,7,4,1,92,91
55,83,Data Science,Intern,6,1,0,83,67
57,55,AI/ML,Job,7,1,1,74,69
94,94,Data Science,Intern,5,2,1,65,97
83,98,Web Development,Job,7,3,0,83,74
81,55,Data Science,Job,2,0,1,78,87
100,54,MERN,Job,4,3,0,68,62
91,56,Python,Intern,5,3,1,72,53
53,82,AI/ML,Intern,0,0,0,68,63
93,62,Python,Job,6,2,1,74,82
99,100,AI/ML,Intern,6,3,1,65,77
88,50,AI/ML,Intern,6,1,1,100,86
69,62,MERN,Intern,0,0,0,58,57
73,92,MERN,Job,0,4,0,50,93
73,76,Web Development,Job,0,2,0,91,83
75,56,Web Development,Intern,0,0,0,68,93
74,52,AI/ML,Job,6,4,1,82,54
85,74,Web Development,Intern,6,4,1,83,54
56,82,MERN,Intern,1,3,0,65,80
59,89,Web Development,Job,5,3,0,93,94
96,66,AI/ML,Job,4,3,0,89,58
61,94,Python,Job,7,0,1,67,91
50,63,Data Science,Intern,7,0,0,83,81
99,86,Web Development,Job,2,2,0,74,82
74,72,MERN,Job,6,3,1,94,52
65,73,Python,Job,2,4,1,55,79
54,78,MERN,Job,5,1,0,70,99
68,87,Web Development,Intern,5,2,1,55,61
53,76,AI/ML,Job,2,0,0,81,78
55,87,Data Science,Intern,6,2,1,90,52
75,89,Data Science,Job,2,2,0,97,75
98,94,Python,Intern,7,2,0,92,79
88,99,Data Science,Intern,1,2,0,88,58
88,72,AI/ML,Job,7,1,0,80,75
58,80,MERN,Intern,3,3,1,91,51
94,85,AI/ML,Intern,6,4,1,59,52
63,66,Python,Intern,6,2,1,79,95
97,86,Python,Job,4,2,1,67,53
58,52,Data Science,Job,0,2,0,73,74
64,85,AI/ML,Intern,3,3,0,58,100
86,54,MERN,Job,5,0,1,80,62
99,95,AI/ML,Job,6,0,1,64,88
69,64,MERN,Job,2,1,1,53,93
57,98,MERN,Intern,3,0,1,89,84
81,55,AI/ML,Intern,4,2,1,58,72
96,59,Web Development,Job,5,2,0,94,58
70,81,AI/ML,Intern,0,2,0,58,51
90,72,MERN,Intern,0,1,0,75,90
68,97,Python,Job,4,2,1,53,93
78,66,Python,Job,4,0,1,66,80
80,95,Data Science,Job,2,3,1,65,93
55,69,Python,Intern,6,3,1,64,96
53,93,Web Development,Intern,0,4,0,84,51
92,90,MERN,Job,5,0,0,54,81
78,64,AI/ML,Intern,3,2,1,54,67
91,93,AI/ML,Job,5,3,0,69,62
52,95,Web Development,Intern,1,0,0,64,95
50,71,Python,Job,1,3,1,67,54
93,99,MERN,Job,4,2,1,96,91
64,55,Python,Job,2,3,1,51,93
96,53,Data Science,Intern,1,4,1,78,59
70,72,Python,Job,0,4,1,62,92
95,93,Data Science,Job,5,3,1,53,74
80,94,AI/ML,Job,5,0,0,91,83
56,68,MERN,Job,4,0,0,94,86
66,94,Data Science,Job,6,0,1,59,79
68,80,Python,Job,6,3,0,80,56
88,93,Python,Job,3,0,1,90,55
52,52,AI/ML,Job,4,2,1,57,52
79,77,Web Development,Intern,7,4,1,52,62
84,52,Web Development,Job,3,2,1,97,52
78,63,Python,Intern,7,0,0,95,75
99,67,Web Development,Job,6,2,1,58,73
63,76,MERN,Job,4,0,0,79,55
84,100,Web Development,Intern,7,3,1,60,92
77,59,MERN,Intern,4,2,1,84,98
79,98,Python,Intern,4,3,1,86,91
75,64,Python,Intern,6,3,0,91,61
56,68,Python,Intern,3,1,1,62,98
88,58,AI/ML,Job,3,0,1,85,85
80,53,Web Development,Intern,4,4,1,62,51
54,64,Data Science,Intern,1,0,0,61,60
84,100,Data Science,Intern,2,4,0,86,88
99,97,Python,Job,6,0,0,59,83
96,57,Web Development,Intern,2,3,1,58,75
63,98,MERN,Job,2,2,0,56,67
85,50,Data Science,Job,3,2,1,51,70
76,56,Python,Job,3,1,0,72,85
73,80,Data Science,Intern,1,4,0,88,89
89,67,Data Science,Intern,2,4,1,89,95
78,61,Data Science,Intern,2,4,0,88,93
94,97,Python,Intern,4,3,1,70,71
71,79,Python,Intern,3,4,1,72,79
57,82,AI/ML,Intern,2,2,0,78,99
64,96,AI/ML,Job,5,3,1,63,92
98,56,AI/ML,Job,1,0,1,75,79
54,77,Data Science,Intern,7,4,0,100,57
53,98,Web Development,Job,5,4,0,54,83
60,52,Python,Job,5,0,1,80,96
67,92,AI/ML,Job,7,4,0,74,58
91,55,Web Development,Intern,6,0,1,80,100
98,80,AI/ML,Intern,6,3,1,99,69
79,87,AI/ML,Job,1,2,0,69,89
64,64,Web Development,Intern,5,0,0,93,74
55,56,AI/ML,Job,2,1,0,66,68
65,92,Data Science,Job,3,0,0,94,54
96,79,Data Science,Job,1,4,1,51,60
89,76,Data Science,Intern,4,3,1,74,64
58,66,MERN,Job,7,3,0,62,57
92,67,AI/ML,Job,5,0,0,88,68
83,71,MERN,Job,1,2,1,77,72
76,75,Python,Intern,0,1,1,91,76
62,100,Web Development,Intern,0,3,1,55,89
85,76,Python,Job,6,4,1,52,81
76,89,MERN,Job,7,4,0,84,75
58,73,Data Science,Intern,3,2,1,67,76
54,57,AI/ML,Job,2,3,1,60,68
100,70,AI/ML,Intern,3,0,0,69,99
71,78,Data Science,Job,3,4,1,54,91
80,92,AI/ML,Intern,3,2,1,68,78
52,70,Web Development,Intern,7,3,0,71,88
79,52,Web Development,Job,3,3,0,68,90
70,80,Web Development,Job,4,3,0,96,82
84,76,Python,Job,7,3,1,65,68
55,95,Data Science,Job,4,3,1,73,86
77,76,Web Development,Job,7,4,0,90,68
81,58,MERN,Job,6,2,0,53,82
91,82,Web Development,Job,1,3,1,64,96
86,82,Python,Job,0,1,0,74,65
74,75,MERN,Intern,3,1,0,93,72
81,77,Data Science,Job,6,2,0,84,56
84,93,Data Science,Intern,1,0,1,63,75
71,92,Web Development,Intern,0,0,1,98,81
73,80,MERN,Job,5,0,1,68,61
88,50,MERN,Job,2,1,1,87,57
79,69,Web Development,Intern,4,0,1,85,54
99,61,Web Development,Intern,5,4,1,56,91
81,66,AI/ML,Intern,7,3,0,79,77
80,64,AI/ML,Job,0,1,1,68,54
72,83,Web Development,Job,5,2,1,98,98
89,99,Python,Intern,2,2,0,74,75
82,65,AI/ML,Job,6,3,1,65,54
74,53,Web Development,Intern,0,1,1,96,71
85,57,MERN,Intern,5,0,0,89,64
73,83,AI/ML,Intern,4,0,0,100,62
80,95,Python,Intern,4,4,0,57,77
88,74,Data Science,Job,1,4,1,67,82
95,64,MERN,Intern,5,0,0,77,92
62,77,Python,Intern,3,2,1,65,72
59,58,Python,Intern,5,2,1,68,82
72,51,Python,Intern,6,4,1,91,92
67,66,MERN,Job,0,3,1,66,67
81,59,Python,Intern,0,0,0,94,99
82,58,Data Science,Job,6,4,0,62,79
85,80,AI/ML,Job,5,4,1,56,75
77,51,MERN,Intern,6,0,0,76,65
65,73,Python,Intern,2,0,1,59,62
65,68,Web Development,Intern,7,2,1,83,88
67,66,AI/ML,Job,6,3,1,85,82
57,92,MERN,Job,4,3,0,74,75
91,98,Web Development,Job,6,0,1,55,97
65,59,Web Development,Job,0,1,1,73,50
60,99,Python,Intern,4,4,0,67,98
55,77,MERN,Intern,0,4,0,72,87
50,87,Python,Job,1,0,0,55,51
61,97,Data Science,Intern,3,1,0,78,98
87,77,Web Development,Intern,0,2,1,74,55
77,99,Data Science,Intern,4,0,0,66,95
94,99,Python,Job,1,0,1,95,99
66,50,AI/ML,Job,0,4,0,73,87
50,52,Web Development,Intern,2,0,0,60,91
81,64,AI/ML,Job,6,0,0,75,73
57,59,MERN,Job,3,0,0,100,67
89,70,Web Development,Intern,0,4,0,83,76
92,86,Data Science,Intern,1,2,0,77,90
95,64,AI/ML,Job,2,2,1,52,57
73,72,MERN,Job,5,0,0,60,77
59,63,Web Development,Intern,1,4,0,87,59
96,64,MERN,Intern,6,2,0,63,66
88,59,Data Science,Job,1,2,0,100,78
88,58,Web Development,Intern,2,2,1,75,55
59,93,MERN,Intern,1,4,0,97,63
85,88,Python,Intern,2,4,0,70,71
74,54,Web Development,Intern,0,0,0,88,55
99,74,Web Development,Job,7,3,0,79,75
59,91,Web Development,Intern,2,2,1,57,88
68,75,Web Development,Job,2,3,0,100,61
95,57,Python,Job,3,4,1,69,84
94,71,Data Science,Job,2,4,0,97,63
64,74,Python,Job,2,4,1,81,71
65,97,Python,Intern,5,3,1,71,100
51,61,MERN,Job,7,4,0,56,72
78,58,AI/ML,Job,0,0,0,58,97
53,59,AI/ML,Job,6,4,1,94,56
99,97,MERN,Intern,3,1,1,50,89
78,59,Python,Job,5,3,0,78,99
80,58,MERN,Job,4,1,1,57,74
66,75,Web Development,Intern,7,4,1,53,62
59,84,MERN,Intern,0,0,1,84,70
76,76,MERN,Intern,0,2,0,52,90
90,80,Web Development,Intern,4,4,1,94,59
64,68,AI/ML,Intern,6,0,1,89,58
93,92,Web Development,Job,2,3,1,56,64
80,87,Data Science,Intern,5,1,0,76,51
70,55,MERN,Intern,1,1,0,50,74
90,64,MERN,Intern,3,1,1,76,62
95,78,AI/ML,Intern,1,3,0,65,83
94,96,Python,Job,4,0,1,87,100
75,94,Web Development,Job,0,3,0,56,83
87,54,Python,Intern,6,1,0,93,84
100,63,Data Science,Job,0,4,1,72,87
85,51,Web Development,Job,3,2,0,90,52
66,72,Data Science,Job,0,3,0,60,91
100,93,Data Science,Job,0,3,0,91,55
52,95,Data Science,Job,3,0,1,82,97
63,68,Web Development,Intern,5,0,0,99,98
98,73,Web Development,Intern,5,3,0,85,68
62,69,AI/ML,Job,3,1,1,86,52
90,96,MERN,Intern,6,2,0,90,67
76,76,Python,Job,4,0,0,66,88
50,73,Python,Intern,7,1,0,84,58
66,66,Data Science,Intern,0,4,0,97,61
97,74,Web Development,Intern,6,0,0,54,54
99,95,Web Development,Job,0,1,1,97,52
83,80,Data Science,Intern,7,1,1,81,60
63,77,MERN,Job,4,2,0,52,79
66,99,Python,Job,5,2,0,96,53
52,77,AI/ML,Job,6,4,0,84,54
83,71,MERN,Job,2,1,1,63,50
89,54,Web Development,Intern,2,1,1,97,76
74,93,Data Science,Job,7,2,0,80,77
51,91,Python,Job,2,0,0,80,78
83,57,Data Science,Intern,5,0,1,66,67
75,87,Web Development,Intern,7,3,0,73,61
80,77,Data Science,Intern,5,2,1,72,62
58,96,Python,Job,4,3,1,67,90
79,61,Data Science,Job,0,2,0,99,51
69,74,Python,Job,4,4,1,63,86
70,87,Data Science,Intern,4,1,0,99,94
78,93,Data Science,Intern,5,4,0,64,65
74,64,Python,Job,7,2,0,64,97
87,93,Data Science,Intern,7,1,0,55,73
93,90,MERN,Job,2,0,0,76,84
74,100,AI/ML,Job,1,0,0,64,71
58,83,MERN,Intern,0,3,1,99,85
88,94,AI/ML,Job,5,2,1,85,60
93,62,MERN,Job,2,2,1,57,95
75,57,AI/ML,Job,6,0,1,64,78
86,62,Data Science,Job,1,4,0,52,84
65,85,Python,Job,1,1,1,96,97
86,55,Python,Intern,5,4,1,62,64
61,87,Web Development,Job,3,4,1,90,80
73,81,AI/ML,Job,0,0,0,83,91
75,70,Web Development,Intern,1,0,1,73,90
69,93,Web Development,Job,5,0,0,89,92
58,93,AI/ML,Job,5,3,1,81,65
72,98,Python,Intern,2,4,0,81,59
88,56,AI/ML,Intern,6,2,0,79,98
78,75,Data Science,Job,3,1,1,98,81
80,64,Web Development,Job,0,3,0,62,100
68,98,Web Development,Intern,7,2,0,50,51
69,91,AI/ML,Intern,4,4,1,83,73
72,72,Web Development,Job,6,0,1,64,72
92,87,Python,Job,6,4,1,93,51
76,90,Web Development,Job,2,1,0,63,87
79,64,AI/ML,Intern,7,3,0,78,80
70,97,Python,Intern,1,3,0,83,100
93,89,Python,Job,1,1,1,67,89
84,65,Web Development,Intern,2,2,0,56,75
98,81,AI/ML,Job,5,2,0,78,78
56,86,Web Development,Job,1,3,0,80,52
71,67,Data Science,Intern,3,3,0,74,63
59,69,Data Science,Job,0,0,0,87,74
72,95,Python,Intern,6,2,0,63,97
64,51,Web Development,Intern,6,1,0,57,50
79,72,Data Science,Job,3,2,1,76,52
83,79,MERN,Job,7,0,1,51,75
62,52,Data Science,Intern,1,3,1,66,67
53,95,Web Development,Job,6,3,0,86,58
67,88,Web Development,Job,4,0,0,63,87
72,96,Data Science,Intern,7,1,1,74,72
82,98,Web Development,Intern,0,3,0,79,70
83,50,Web Development,Intern,0,4,1,78,50
83,90,MERN,Intern,6,3,0,69,70
85,71,Python,Job,2,4,0,70,76
84,78,Web Development,Job,7,0,1,71,91
66,63,AI/ML,Job,6,0,1,84,55
77,97,Python,Intern,2,3,1,86,93
63,77,Python,Intern,6,2,1,65,85
83,70,AI/ML,Job,4,4,1,99,77
97,94,Data Science,Intern,7,1,0,98,94
60,81,MERN,Job,5,3,0,92,66
62,55,Web Development,Job,0,1,0,66,89
82,50,Data Science,Intern,6,3,1,65,52
51,70,AI/ML,Job,4,2,1,51,61
83,53,MERN,Job,2,2,1,53,88
78,52,MERN,Intern,2,2,1,70,61
86,98,MERN,Intern,0,2,1,88,51
53,79,AI/ML,Job,3,0,1,83,95
61,80,Data Science,Intern,6,0,0,79,71
75,83,Web Development,Job,7,4,0,55,72
77,68,MERN,Job,1,1,0,66,79
52,69,MERN,Job,2,3,0,88,54
69,72,Data Science,Intern,7,3,0,74,58
59,89,MERN,Intern,7,0,1,54,70
67,74,MERN,Job,5,3,1,54,60
76,64,AI/ML,Intern,7,0,1,69,54
80,87,Python,Job,7,4,1,65,84
76,72,Data Science,Job,5,1,1,100,76
91,51,Data Science,Job,2,4,1,90,98
50,64,Data Science,Job,7,2,0,86,51
55,93,AI/ML,Job,3,2,1,89,73
60,84,AI/ML,Intern,3,2,1,58,80
83,59,Web Development,Job,4,4,1,54,82
88,63,AI/ML,Intern,5,3,1,91,88
69,76,Data Science,Intern,4,1,0,51,79
70,63,Web Development,Intern,5,2,0,58,95
70,84,Python,Intern,6,2,1,92,86
67,82,MERN,Job,6,2,0,85,100
70,50,MERN,Job,7,1,0,71,77
68,83,Web Development,Job,1,2,1,71,80
53,68,Python,Intern,6,1,1,71,60
62,73,MERN,Intern,1,2,1,83,72
67,91,Web Development,Job,6,4,1,78,51
78,53,AI/ML,Job,0,4,1,87,89
74,85,Data Science,Job,6,1,0,95,90
62,62,Python,Job,4,4,1,82,76
76,81,MERN,Job,2,1,1,67,84
68,58,Data Science,Intern,7,4,1,56,51
98,88,Web Development,Job,4,4,0,50,88
50,65,MERN,Job,2,1,1,82,86
87,99,Data Science,Job,3,3,1,50,70
68,52,AI/ML,Job,4,4,1,73,54
50,69,Python,Intern,3,2,0,53,94
89,59,Web Development,Job,1,3,1,53,70
66,71,MERN,Job,1,1,1,67,78
70,97,AI/ML,Intern,0,3,1,76,69
71,52,Python,Intern,6,0,0,92,87
64,60,Python,Job,4,0,1,81,69
99,74,AI/ML,Job,3,4,1,82,99
88,91,MERN,Job,2,4,1,77,74
97,97,Python,Job,1,2,0,91,51
88,57,Web Development,Intern,6,3,1,90,81
81,58,Data Science,Job,1,0,1,85,75
98,64,Web Development,Intern,2,4,1,55,55
53,81,Python,Intern,6,3,0,65,90
93,52,Data Science,Intern,6,4,0,83,52
94,53,AI/ML,Job,3,4,1,72,82
81,79,Data Science,Intern,3,0,0,99,50
53,62,Data Science,Job,4,0,0,91,100
50,93,Data Science,Job,4,4,0,73,54
82,70,Python,Job,5,1,1,98,62
56,90,MERN,Job,7,4,1,62,68
58,95,Python,Job,5,4,0,67,61
50,68,MERN,Intern,0,2,0,62,97
65,88,AI/ML,Intern,1,2,0,98,74
67,97,AI/ML,Job,4,2,1,86,100
96,71,AI/ML,Job,3,1,1,92,84
55,69,AI/ML,Job,2,1,0,88,61
51,86,AI/ML,Job,3,4,0,91,79
58,80,Web Development,Intern,1,2,0,66,54
53,59,Python,Intern,5,1,0,64,83
94,67,MERN,Job,3,0,1,67,71
72,92,AI/ML,Job,7,4,0,72,88
92,88,Web Development,Intern,0,3,1,100,62
94,95,Web Development,Job,1,4,0,79,96
92,69,Web Development,Job,5,3,0,83,52
100,67,Python,Intern,7,2,0,53,69
57,60,AI/ML,Intern,2,3,0,52,80
88,71,Web Development,Intern,5,2,0,56,54
74,93,Web Development,Job,6,0,1,67,73
65,67,AI/ML,Job,7,3,0,91,89
84,83,Python,Intern,7,4,0,56,82
66,72,Web Development,Intern,0,2,0,89,57
67,50,MERN,Job,1,4,1,55,73
76,59,Data Science,Intern,2,1,1,71,99
64,50,Data Science,Job,0,2,1,50,69
66,87,Data Science,Intern,5,3,1,53,65
92,88,Python,Intern,0,2,0,95,99
54,98,Web Development,Job,7,4,0,98,61
65,58,Data Science,Job,1,0,0,99,62
64,80,Data Science,Job,4,2,1,92,94
91,56,AI/ML,Job,0,3,0,78,91
95,66,Web Development,Job,6,1,0,70,88
83,84,Web Development,Job,0,0,1,75,74
97,97,AI/ML,Intern,5,1,1,63,95
68,86,Web Development,Intern,5,2,1,58,81
57,67,MERN,Job,2,4,0,96,73
96,82,Python,Job,5,4,0,61,97
59,53,AI/ML,Job,3,3,1,91,96
54,72,Data Science,Intern,1,4,0,100,93
97,60,Web Development,Job,1,0,1,100,58
75,58,MERN,Job,4,4,1,55,89
71,79,MERN,Job,4,3,0,69,99
93,57,Python,Job,1,2,1,73,72
72,89,MERN,Intern,6,2,1,76,99
62,54,Web Development,Job,4,4,1,87,62
58,61,Web Development,Job,2,1,0,57,81
98,50,MERN,Job,5,2,1,50,99
69,64,Web Development,Intern,1,4,1,98,64
77,74,Web Development,Job,7,3,1,98,85
93,67,Data Science,Job,4,4,1,73,98
86,87,AI/ML,Intern,1,2,1,96,54
73,91,Web Development,Job,3,3,1,56,71
93,95,Web Development,Intern,0,4,1,68,65
82,75,Python,Job,5,0,0,71,90
69,89,AI/ML,Job,1,3,0,84,59
97,52,AI/ML,Intern,0,0,1,79,73
79,71,AI/ML,Job,4,1,0,78,67
93,75,MERN,Intern,0,3,0,71,98
58,68,Data Science,Job,5,0,1,60,67
94,93,Data Science,Intern,1,2,0,69,56
98,93,Python,Job,3,2,1,78,53
66,96,AI/ML,Intern,6,1,1,100,75
85,88,AI/ML,Intern,4,3,1,90,54
63,85,Web Development,Job,1,3,1,91,65
68,70,MERN,Job,5,3,1,83,84
56,90,MERN,Intern,4,1,0,50,75
52,97,Python,Job,2,3,1,80,67
82,75,Data Science,Intern,0,2,0,79,78
93,62,AI/ML,Job,6,0,1,97,72
81,85,Python,Intern,5,2,1,67,63
96,73,MERN,Intern,2,2,1,66,64
60,90,MERN,Job,7,0,0,87,98
91,75,MERN,Job,1,2,1,63,82
51,70,AI/ML,Intern,3,1,1,72,74
75,67,AI/ML,Job,4,0,1,74,70
53,64,AI/ML,Intern,0,2,1,64,66
66,64,Web Development,Intern,4,4,0,95,72
66,55,Data Science,Job,6,2,1,71,92
77,92,MERN,Job,1,1,0,52,66
79,80,MERN,Intern,4,3,1,68,63
89,77,Web Development,Intern,0,2,0,93,78
72,57,MERN,Job,1,3,0,83,69
95,78,MERN,Intern,4,4,1,84,79
73,70,AI/ML,Intern,3,2,1,99,68
78,66,AI/ML,Job,5,0,0,50,88
53,98,Data Science,Job,1,3,1,70,62
87,73,MERN,Job,5,4,1,78,67
78,99,Python,Intern,7,0,1,55,72
68,85,MERN,Job,1,0,0,86,95
76,80,MERN,Intern,3,0,1,50,82
78,96,Data Science,Job,5,0,1,100,88
85,83,Python,Job,2,2,1,50,89
84,51,MERN,Job,0,2,0,76,67
55,91,Python,Intern,2,2,1,70,58
72,52,AI/ML,Intern,4,4,0,65,82
88,79,AI/ML,Job,3,4,1,93,81
95,57,Python,Job,2,4,0,89,66
93,56,MERN,Intern,1,1,1,75,68
97,61,Python,Job,4,4,1,65,76
57,68,Python,Job,4,2,0,77,55
51,75,AI/ML,Job,2,2,0,50,84
62,77,Python,Intern,7,1,0,85,86
89,64,Web Development,Intern,2,1,1,59,83
70,63,Web Development,Intern,7,4,1,92,69
80,97,AI/ML,Job,3,3,1,66,74
97,63,MERN,Job,0,1,1,72,53
85,52,MERN,Job,2,0,0,56,59
97,99,AI/ML,Job,6,2,1,93,59
87,78,MERN,Job,7,0,1,56,73
76,55,Data Science,Job,2,2,1,93,70
85,98,Web Development,Job,5,2,1,64,60
97,72,Data Science,Intern,1,1,1,83,76
72,77,Data Science,Job,6,1,1,95,65
70,63,Data Science,Job,6,0,1,94,75
62,63,AI/ML,Intern,7,2,0,53,79
86,69,Data Science,Intern,5,0,1,63,98
96,62,Python,Job,5,3,1,63,65
75,76,MERN,Job,4,0,1,65,56
89,84,AI/ML,Intern,7,4,1,56,65
56,94,Python,Job,0,0,0,81,84
95,51,Python,Job,1,4,0,68,65
88,90,Web Development,Intern,3,4,0,51,89
71,94,Web Development,Intern,6,4,0,59,61
88,89,Python,Job,3,3,0,99,84
72,97,Web Development,Job,2,0,0,66,98
79,73,MERN,Job,2,0,1,86,70
67,78,MERN,Intern,3,3,0,61,99
91,52,Web Development,Job,2,2,0,55,92
67,94,Data Science,Job,0,1,1,71,85
95,53,Python,Intern,5,0,0,81,97
59,99,MERN,Job,2,1,1,90,66
88,51,Web Development,Intern,4,3,1,69,81
79,69,Web Development,Intern,2,2,0,50,90
75,64,MERN,Intern,1,2,1,96,55
56,98,MERN,Job,0,2,0,55,73
56,81,Data Science,Intern,1,3,0,68,76
54,91,Web Development,Intern,1,4,1,67,69
50,50,Web Development,Intern,4,4,1,55,74
95,87,AI/ML,Intern,0,1,0,94,51
67,84,Data Science,Intern,0,4,1,82,58
62,100,MERN,Job,7,4,1,72,77
74,56,MERN,Intern,0,2,0,72,87
89,94,Python,Job,0,2,0,75,52
57,62,MERN,Job,0,1,1,62,69
59,98,Web Development,Intern,4,0,0,56,55
81,50,MERN,Job,2,1,0,64,88
66,63,Web Development,Job,7,1,0,93,82
87,78,Web Development,Intern,1,3,0,76,50
64,52,Data Science,Intern,0,3,0,75,86
64,95,MERN,Job,6,1,0,82,55
97,73,Data Science,Job,2,1,0,64,94
89,50,Web Development,Job,2,1,1,85,83
100,97,MERN,Intern,1,4,0,94,96
69,59,MERN,Job,4,3,1,76,64
64,62,Data Science,Job,3,1,1,54,94
84,85,Data Science,Job,3,2,1,51,75
55,58,Web Development,Job,2,2,0,82,63
79,63,Web Development,Intern,5,4,0,65,56
57,85,MERN,Job,5,4,1,72,95
80,59,MERN,Job,1,0,0,87,80
97,89,AI/ML,Job,3,0,1,65,73
96,72,AI/ML,Job,2,0,0,63,80
81,84,Python,Job,4,4,0,78,78
94,56,Web Development,Job,3,4,1,75,91
64,91,Python,Intern,2,4,1,84,81
67,84,Python,Intern,2,2,1,64,66
62,51,Data Science,Job,0,4,0,52,63
73,64,Data Science,Job,4,2,1,72,89
89,58,AI/ML,Job,0,0,0,78,85
63,96,Python,Intern,1,0,0,83,97
77,66,AI/ML,Job,0,0,0,82,73
60,88,Web Development,Job,6,1,1,90,94
55,67,MERN,Intern,0,1,1,90,76
